,id,name,ticker,marketCap
0,,AJ네트웍스,095570,281401992950
1,,AK홀딩스,006840,286147317600
2,,BGF,027410,554200219890
3,,BGF리테일,282330,2653079571000
4,,BNK금융지주,138930,2868230164800
5,,BYC,001460,269521372500
6,,BYC우,001465,37261605000
7,,CJ,001040,2643436018800
8,,CJ CGV,079160,990102832150
9,,CJ4우(전환),00104K,326709377600
10,,CJ대한통운,000120,3079666440000
11,,CJ씨푸드,011150,137794514455
12,,CJ씨푸드1우,011155,7940000000
13,,CJ우,001045,133353157000
14,,CJ제일제당,097950,5765753238000
15,,CJ제일제당 우,097955,254203419500
16,,CS홀딩스,000590,70307953800
17,,DB,012030,210226759985
18,,DB금융투자,016610,302642753570
19,,DB손해보험,005830,3957720000000
20,,DB하이텍,000990,3241096924000
21,,DB하이텍1우,000995,11905496000
22,,DGB금융지주,139130,1640714580100
23,,DI동일,001530,738132570000
24,,DL,000210,1280404512400
25,,DL건설,001880,606465310000
26,,DL우,000215,63566535500
27,,DL이앤씨,375500,2323048560000
28,,DL이앤씨우,37550K,153045274000
29,,DRB동일,004840,102639500000
30,,DSR,155660,91840000000
31,,DSR제강,069730,71352000000
32,,E1,017940,338541000000
33,,ESR켄달스퀘어리츠,365550,942644220000
34,,F&F,383220,6841643595000
35,,F&F홀딩스,007700,1644759132350
36,,GKL,114090,822680411000
37,,GS,078930,3763072809000
38,,GS건설,006360,3380468855000
39,,GS글로벌,001250,203445728260
40,,GS리테일,007070,3361445296200
41,,GS우,078935,65235390300
42,,HDC,012630,612352640250
43,,HDC아이콘트롤스,039570,197520000000
44,,HDC현대EP,089470,196823000000
45,,HDC현대산업개발,294870,1538936155500
46,,HMM,011200,12225987400000
47,,HSD엔진,082740,369565055860
48,,IHQ,003560,250063129080
49,,JB금융지주,175330,1688143401580
50,,JW생명과학,234080,225642394500
51,,JW중외제약,001060,502957272100
52,,JW중외제약2우B,001067,5507257600
53,,JW중외제약우,001065,5999026800
54,,JW홀딩스,096760,244335019740
55,,KB금융,105560,23950536192000
56,,KCC,002380,2710373655000
57,,KCC글라스,344820,911916235200
58,,KCTC,009070,180000000000
59,,KC그린홀딩스,009440,107575729100
60,,KC코트렐,119650,116864000000
61,,KEC,092220,508347936600
62,,KG동부제철,016380,1085096532450
63,,KG동부제철우,016385,5253084000
64,,KG케미칼,001390,457581168000
65,,KH 필룩스,033180,395150462960
66,,KISCO홀딩스,001940,299317356000
67,,KPX케미칼,025000,264748000000
68,,KPX홀딩스,092230,279671565200
69,,KR모터스,000040,90561400656
70,,KSS해운,044450,270115502000
71,,KT,030200,8068354867200
72,,KT&G,033780,11628674495900
73,,KTB투자증권,030210,381788202360
74,,KTcs,058850,110127300000
75,,KTis,058860,87527030000
76,,LF,093050,542402000000
77,,LG,003550,13606535894500
78,,LG디스플레이,034220,7961399325000
79,,LG생활건강,051900,18163963111000
80,,LG생활건강우,051905,1348005474000
81,,LG우,003555,192779356000
82,,LG유플러스,032640,6090728485950
83,,LG이노텍,011070,6887128137000
84,,LG전자,066570,21028744099000
85,,LG전자우,066575,1084436095200
86,,LG헬로비전,037560,474749282450
87,,LG화학,051910,52732480221000
88,,LG화학우,051915,2794878800000
89,,LIG넥스원,079550,1273800000000
90,,LS,006260,1767780000000
91,,LS ELECTRIC,010120,1731000000000
92,,LS네트웍스,000680,243501319440
93,,LS전선아시아,229640,252042754170
94,,LX인터내셔널,001120,1007760000000
95,,LX하우시스,108670,553305239000
96,,LX하우시스우,108675,29937570000
97,,LX홀딩스,383800,714750065300
98,,LX홀딩스1우,38380K,21100104000
99,,MH에탄올,023150,73637689480
100,,NAVER,035420,64884041025000
101,,NHN,181710,1790199787500
102,,NH올원리츠,400760,227880000000
103,,NH투자증권,005940,3891143919700
104,,NH투자증권우,005945,238717745200
105,,NH프라임리츠,338100,91527300000
106,,NICE,034310,640210870000
107,,NI스틸,008260,101244414180
108,,NPC,004250,257407200000
109,,NPC우,004255,17265600000
110,,OCI,010060,2778451721500
111,,PI첨단소재,178920,1603401181200
112,,POSCO,005490,24455907217500
113,,S-Oil,010950,10042385046400
114,,S-Oil우,010955,226032297400
115,,SBS,034120,814065157200
116,,SBS미디어홀딩스,101060,267201722900
117,,SGC에너지,005090,689819188000
118,,SG글로벌,001380,81160278115
119,,SG세계물산,004060,131981073920
120,,SHD,001770,34684766900
121,,SH에너지화학,002360,105688177230
122,,SIMPAC,009160,451463660400
123,,SJM,123700,73811167540
124,,SJM홀딩스,025530,53463748640
125,,SK,034730,18328857368500
126,,SKC,011790,7422186408000
127,,SK가스,018670,1112244402000
128,,SK네트웍스,001740,1275684505580
129,,SK네트웍스우,001745,9694174400
130,,SK디스커버리,006120,904298112500
131,,SK디스커버리우,006125,49311916500
132,,SK디앤디,210980,651281313400
133,,SK렌터카,068400,520144240000
134,,SK리츠,395400,953376271800
135,,SK바이오사이언스,302440,19010250000000
136,,SK바이오팜,326030,7792168375000
137,,SK아이이테크놀로지,361610,11371965924000
138,,SK우,03473K,128229577500
139,,SK이노베이션,096770,20249958516000
140,,SK이노베이션우,096775,167913297000
141,,SK증권,001510,474953121855
142,,SK증권우,001515,15610930860
143,,SK케미칼,285130,2581444270000
144,,SK케미칼우,28513K,171349749000
145,,SK텔레콤,017670,22302614258500
146,,SK하이닉스,000660,86996282617500
147,,SNT모티브,064960,688749705600
148,,SNT에너지,100840,149758884450
149,,SNT중공업,003570,302267015730
150,,SNT홀딩스,036530,285318005000
151,,SPC삼립,005610,617837044400
152,,STX,011810,114199601460
153,,STX엔진,077970,228708505760
154,,STX중공업,071970,138284133000
155,,SUN&L,002820,62031305880
156,,TBH글로벌,084870,50890638360
157,,TCC스틸,002710,168965000000
158,,TYM,002900,265974149025
159,,WISCOM,024070,59619843820
160,,YG PLUS,037270,552470161100
161,,가온전선,000500,103592640300
162,,강남제비스코,000860,146900000000
163,,강원랜드,035250,5284330350000
164,,갤럭시아에스엠,011420,80307212260
165,,경농,002100,229390256250
166,,경동나비엔,009450,878486097600
167,,경동도시가스,267290,135594338000
168,,경동인베스트,012320,85140828000
169,,경방,000050,372847672000
170,,경보제약,214390,215878945800
171,,경인양행,012610,277730118200
172,,경인전자,009140,46495591200
173,,계룡건설,013580,319726470600
174,,계양전기,012200,139528000000
175,,계양전기우,012205,9352000000
176,,고려산업,002140,76688731875
177,,고려아연,010130,9472740000000
178,,고려제강,002240,462300000000
179,,광동제약,009290,374809084650
180,,광명전기,017040,116361496275
181,,광전자,017900,199326544720
182,,광주신세계,037710,286400000000
183,,교보증권,030610,578000466240
184,,교촌에프앤비,339770,432197942000
185,,국도화학,007690,541538021600
186,,국동,005320,129750563520
187,,국보,001140,109379270385
188,,국제약품,002720,102356037900
189,,그린케미칼,083420,224880000000
190,,극동유화,014530,136688126400
191,,금강공업,014280,236687910990
192,,금강공업우,014285,7284956250
193,,금비,008870,65400000000
194,,금양,001570,253791220800
195,,금호건설,002990,423121822200
196,,금호건설우,002995,9206379000
197,,금호석유,011780,4905298251000
198,,금호석유우,011785,331071717000
199,,금호에이치티,214330,440425312820
200,,금호전기,001210,64850143540
201,,금호타이어,073240,1245273344145
202,,기신정기,092440,130378000000
203,,기아,000270,33807303139800
204,,기업은행,024110,8410596633100
205,,까뮤이앤씨,013700,100012300200
206,,깨끗한나라,004540,164231456130
207,,깨끗한나라우,004545,8018904000
208,,남광토건,001260,131215828350
209,,남선알미늄,008350,299687124800
210,,남선알미우,008355,6896736000
211,,남성,004270,126923620800
212,,남양유업,003920,316440000000
213,,남양유업우,003925,36998964000
214,,남해화학,025860,568822752350
215,,넥센,005720,261562327645
216,,넥센우,005725,12656109000
217,,넥센타이어,002350,670001636220
218,,넥센타이어1우B,002355,20637500000
219,,넥스트사이언스,003580,765598233400
220,,넷마블,251270,10486327244000
221,,노루페인트,090350,229000000000
222,,노루페인트우,090355,9494083000
223,,노루홀딩스,000320,169462175250
224,,노루홀딩스우,000325,7345162500
225,,녹십자,006280,2647000857000
226,,녹십자홀딩스,005250,1229787691500
227,,녹십자홀딩스2우,005257,50759400000
228,,농심,004370,1779172785000
229,,농심홀딩스,072710,359892504000
230,,다스코,058730,83201445730
231,,다우기술,023590,1065582153750
232,,다이나믹디자인,145210,77403441294
233,,대교,019680,340505457000
234,,대교우B,019685,58086700100
235,,대구백화점,006370,109298271100
236,,대덕,008060,267732185000
237,,대덕1우,00806K,13154073450
238,,대덕전자,353200,1062463887500
239,,대덕전자1우,35320K,30385025500
240,,대동,000490,239654921000
241,,대동전자,008110,86755996690
242,,대림B&Co,005750,131877418400
243,,대림통상,006570,54124875000
244,,대상,001680,815960988750
245,,대상우,001685,23293791000
246,,대상홀딩스,084690,348726740940
247,,대상홀딩스우,084695,9728583300
248,,대성산업,128820,194964910180
249,,대성에너지,117580,221375000000
250,,대성홀딩스,016710,711958560750
251,,대신증권,003540,1020545340000
252,,대신증권2우B,003547,175000000000
253,,대신증권우,003545,471900000000
254,,대양금속,009190,157773910000
255,,대영포장,014160,285077663870
256,,대우건설,047040,2472954696100
257,,대우부품,009320,133171618125
258,,대우조선해양,042660,2617892323600
259,,대웅,003090,1761701994000
260,,대웅제약,069620,1569980912500
261,,대원강업,000430,248620000000
262,,대원전선,006340,122859352910
263,,대원전선우,006345,7850494000
264,,대원제약,003220,338535926850
265,,대원화성,024890,177577599360
266,,대유에이텍,002880,165555133960
267,,대유플러스,000300,191783056790
268,,대창,012800,172711245605
269,,대창단조,015230,114574642300
270,,대한방직,001070,246185000000
271,,대한유화,006650,1170000000000
272,,대한전선,001440,1635863447190
273,,대한제강,084010,396812417400
274,,대한제당,001790,300035060100
275,,대한제당우,001795,21263452800
276,,대한제분,001130,261105000000
277,,대한항공,003490,9965066636250
278,,대한항공우,003495,42598949900
279,,대한해운,005880,823477846800
280,,대한화섬,003830,174632000000
281,,대현,016090,101627901450
282,,대호에이엘,069460,182181753495
283,,더블유게임즈,192080,1095120319200
284,,더존비즈온,012510,2330359532800
285,,덕성,004830,259504000000
286,,덕성우,004835,27770400000
287,,덕양산업,024900,107464434000
288,,덴티움,145720,650847204000
289,,도화엔지니어링,002150,260655600000
290,,동국제강,001230,1517380518300
291,,동남합성,023450,228152000000
292,,동방,004140,154291016760
293,,동방아그로,007590,98182730170
294,,동부건설,005960,337671833400
295,,동부건설우,005965,7426582800
296,,동서,026960,3549320000000
297,,동성제약,002210,218465118900
298,,동성케미컬,102260,254908304640
299,,동아쏘시오홀딩스,000640,704573166000
300,,동아에스티,170900,602916808200
301,,동아지질,028100,188025000000
302,,동아타이어,282690,178529195000
303,,동양,001520,369960297650
304,,동양2우B,001527,4350822900
305,,동양3우B,001529,2862131800
306,,동양고속,084670,57477044650
307,,동양생명,082640,1208575801650
308,,동양우,001525,4614450570
309,,동양철관,008970,154550877000
310,,동양피스톤,092780,89282158800
311,,동원F&B,049770,746740494000
312,,동원금속,018500,44183411685
313,,동원산업,006040,798048097000
314,,동원수산,030720,45095370450
315,,동원시스템즈,014820,1625794492700
316,,동원시스템즈우,014825,8796617700
317,,동일고무벨트,163560,108837000000
318,,동일산업,004890,340742707500
319,,동일제강,002690,57145513400
320,,동화약품,000020,375678271500
321,,두산,000150,2098527045000
322,,두산2우B,000157,104485446000
323,,두산밥캣,241560,3819493224600
324,,두산우,000155,313722267000
325,,두산중공업,034020,12466832544000
326,,두산퓨얼셀,336260,3320531908200
327,,두산퓨얼셀1우,33626K,201131210000
328,,두산퓨얼셀2우B,33626L,56889015000
329,,두올,016740,135573388000
330,,드림텍,192650,682837181950
331,,디씨엠,024090,332865000000
332,,디아이,003160,264572994000
333,,디아이씨,092200,167804175235
334,,디앤디플랫폼리츠,377190,347116000000
335,,디와이,013570,188185375950
336,,디와이파워,210540,147958887200
337,,디티알오토모티브,007340,638616919500
338,,디피씨,026890,721032427500
339,,락앤락,115390,564531344700
340,,롯데관광개발,032350,1243498132900
341,,롯데렌탈,089860,1459867410550
342,,롯데리츠,330590,1382492949960
343,,롯데손해보험,000400,549295286400
344,,롯데쇼핑,023530,2735522608500
345,,롯데정밀화학,004000,2102700000000
346,,롯데정보통신,286940,615853240000
347,,롯데제과,280360,766797681500
348,,롯데지주,004990,3367586507700
349,,롯데지주우,00499K,48541670450
350,,롯데칠성,005300,1303683202000
351,,롯데칠성우,005305,54736886000
352,,롯데케미칼,011170,7214975699500
353,,롯데푸드,002270,426796415000
354,,롯데하이마트,071840,611439740800
355,,마니커,027740,65495954700
356,,만도,204320,2831514336000
357,,만호제강,001080,92337500000
358,,맥쿼리인프라,088980,5748806767400
359,,맵스리얼티1,094800,459065766795
360,,메리츠금융지주,138040,4864609972200
361,,메리츠증권,008560,3517729787640
362,,메리츠화재,000060,3709218750000
363,,메타랩스,090370,64346225550
364,,명문제약,017180,163995182820
365,,명신산업,009900,1463916710700
366,,모나리자,012690,145187882350
367,,모나미,005360,83904043080
368,,모두투어리츠,204210,33029159300
369,,모토닉,009680,346500000000
370,,무림P&P,009580,251344345720
371,,무림페이퍼,009200,109640531850
372,,무학,033920,250800000000
373,,문배철강,008420,82219055050
374,,미래산업,025560,59656893800
375,,미래아이앤지,007120,65389494740
376,,미래에셋맵스리츠,357250,102510000000
377,,미래에셋생명,085620,746123236635
378,,미래에셋증권,006800,5832204625440
379,,미래에셋증권2우B,00680K,690900000000
380,,미래에셋증권우,006805,81076320000
381,,미원상사,002840,1011395000000
382,,미원에스씨,268280,1078650000000
383,,미원홀딩스,107590,328280000000
384,,미원화학,134380,171762830800
385,,미창석유,003650,141957235200
386,,바다로19호,155900,46512012240
387,,방림,003610,125461276850
388,,백광산업,001340,264120233160
389,,백산,035150,199408000000
390,,범양건영,002410,178541950580
391,,베트남개발1,096300,22166513971
392,,벽산,007210,250929600000
393,,보락,002760,120399000000
394,,보령제약,003850,947922000000
395,,보해양조,000890,125179132453
396,,부광약품,003000,913160179650
397,,부국증권,001270,253543712700
398,,부국증권우,001275,68700000000
399,,부국철강,026940,84900000000
400,,부산가스,015350,925100000000
401,,부산산업,011390,115632000000
402,,부산주공,005030,35076151989
403,,비비안,002070,90573729600
404,,비상교육,100220,104623765050
405,,비케이탑스,030790,46347974200
406,,빙그레,005180,544773627300
407,,사조대림,003960,238276142000
408,,사조동아원,008040,165139182000
409,,사조산업,007160,222500000000
410,,사조씨푸드,014710,91258277900
411,,사조오양,006090,86312289240
412,,삼부토건,001470,328759482910
413,,삼성SDI,006400,50198106900000
414,,삼성SDI우,006405,581633612000
415,,삼성공조,006660,133677865300
416,,삼성물산,028260,21492014315000
417,,삼성물산우B,02826K,178203037500
418,,삼성바이오로직스,207940,56174085000000
419,,삼성생명,032830,13200000000000
420,,삼성에스디에스,018260,11993559000000
421,,삼성엔지니어링,028050,4586400000000
422,,삼성전기,009150,13258131040000
423,,삼성전기우,009155,287210019200
424,,삼성전자,005930,446539734740000
425,,삼성전자우,005935,56367738950000
426,,삼성제약,001360,335810395000
427,,삼성중공업,010140,4892800000000
428,,삼성중공우,010145,27677645000
429,,삼성증권,016360,4197100000000
430,,삼성출판사,068290,355000000000
431,,삼성카드,029780,3950788183100
432,,삼성화재,000810,10280339629000
433,,삼성화재우,000815,569772000000
434,,삼아알미늄,006110,385550000000
435,,삼양사,145990,654904011500
436,,삼양사우,145995,15209877000
437,,삼양식품,003230,604147803000
438,,삼양통상,002170,179400000000
439,,삼양패키징,272550,332509413600
440,,삼양홀딩스,000070,864991371000
441,,삼양홀딩스우,000075,21071219400
442,,삼영무역,002810,282544304400
443,,삼영전자,005680,222000000000
444,,삼영화학,003720,98260000000
445,,삼원강재,023000,132200000000
446,,삼익THK,004380,241500000000
447,,삼익악기,002450,160692374125
448,,삼일씨엔에스,004440,120316899150
449,,삼일제약,000520,104237079100
450,,삼정펄프,009770,70999176400
451,,삼진제약,005500,364875000000
452,,삼천리,004690,360491722500
453,,삼호개발,010960,126000000000
454,,삼화왕관,004450,91884264350
455,,삼화전기,009470,211972931000
456,,삼화전자,011230,42772974600
457,,삼화콘덴서,001820,623700000000
458,,삼화페인트,000390,258432955500
459,,상상인증권,001290,112131687250
460,,상신브레이크,041650,86422586250
461,,새론오토모티브,075180,104256000000
462,,샘표,007540,120352230000
463,,샘표식품,248170,195522640800
464,,서연,007860,321673862800
465,,서연이화,200880,189469343370
466,,서울가스,017390,795000000000
467,,서울식품,004410,113928859710
468,,서울식품우,004415,9031470000
469,,서원,021050,99221893100
470,,서흥,008490,488795024250
471,,선도전기,007610,69840000000
472,,선진,136490,269898505400
473,,성문전자,014910,52029908190
474,,성문전자우,014915,5232000000
475,,성보화학,003080,83283200000
476,,성신양회,004980,302773501550
477,,성신양회우,004985,11255368500
478,,성안,011300,44747135820
479,,성창기업지주,000180,169845146000
480,,세기상사,002420,25107667200
481,,세방,004360,227842542000
482,,세방우,004365,26488815000
483,,세방전지,004490,1139600000000
484,,세아베스틸,001430,726207909750
485,,세아제강,306200,279659180000
486,,세아제강지주,003030,449369784500
487,,세아특수강,019440,139691000000
488,,세아홀딩스,058650,438000000000
489,,세우글로벌,013000,54826609210
490,,세원이앤씨,091090,189163118300
491,,세원정공,021820,80900000000
492,,세이브존I&C,067830,122301867100
493,,세종공업,033530,280991706100
494,,세진중공업,075580,343939208800
495,,세하,027970,100447429765
496,,센트랄모텍,308170,214389000000
497,,센트럴인사이트,012600,33838831080
498,,셀트리온,068270,29106844008000
499,,솔루스첨단소재,336370,3166039953000
500,,솔루스첨단소재1우,33637K,199629440000
501,,솔루스첨단소재2우B,33637L,53085112500
502,,솔루엠,248070,1235137109700
503,,송원산업,004430,458400000000
504,,수산중공업,017550,143060681950
505,,스카이라이프,053210,450482919720
506,,시디즈,134790,120000000000
507,,신대양제지,016590,342531470000
508,,신도리코,029530,332640957000
509,,신라교역,004970,215200000000
510,,신성이엔지,011930,436698453720
511,,신성통상,005390,452681428500
512,,신세계,004170,2254546449000
513,,신세계 I&C,035510,328520000000
514,,신세계건설,034300,136000000000
515,,신세계인터내셔날,031430,1078140000000
516,,신세계푸드,031440,322190336000
517,,신송홀딩스,006880,66478181960
518,,신영와코루,005800,103950000000
519,,신영증권,001720,557542477800
520,,신영증권우,001725,423225780000
521,,신원,009270,262814235750
522,,신원우,009275,3647748000
523,,신일전자,002700,146713130865
524,,신풍제약,019170,1931302885500
525,,신풍제약우,019175,102960000000
526,,신풍제지,002870,83376499500
527,,신한알파리츠,293940,419687586460
528,,신한지주,055550,19501633163500
529,,신흥,004080,152950000000
530,,쌍방울,102280,177774871333
531,,쌍용C&E,003410,3904911861250
532,,쌍용차,003620,415056805540
533,,써니전자,004770,114640086190
534,,쎌마테라퓨틱스,015540,86229499400
535,,씨아이테크,004920,39951719000
536,,씨에스윈드,112610,2547152741200
537,,아남전자,008700,188955809000
538,,아모레G,002790,3809567916000
539,,아모레G3우(전환),00279K,259219910000
540,,아모레G우,002795,109221901500
541,,아모레퍼시픽,090430,10177740066000
542,,아모레퍼시픽우,090435,728490270000
543,,아세아,002030,271686976000
544,,아세아시멘트,183190,481132411500
545,,아세아제지,002310,467529404400
546,,아센디오,012170,143306368880
547,,아시아나IDT,267850,196470000000
548,,아시아나항공,020560,1469632339000
549,,아이마켓코리아,122900,382760218000
550,,아이에스동서,010780,1350006882200
551,,아주스틸,139990,513172466600
552,,알루코,001780,324146347520
553,,애경산업,018250,541403667500
554,,애경케미칼,161000,559460153500
555,,에넥스,011090,162877305315
556,,에스디바이오센서,137310,5328801814800
557,,에스엘,005850,1634091090300
558,,에스원,012750,2937336459400
559,,에쓰씨엔지니어링,023960,95701438690
560,,에어부산,298690,463468800000
561,,에이리츠,140910,40444770100
562,,에이블씨엔씨,078520,186530867100
563,,에이엔피,015260,51373740700
564,,에이프로젠 MED,007460,328606129500
565,,에이프로젠제약,003060,367885432941
566,,에이플러스에셋,244920,231728853250
567,,엔씨소프트,036570,15587355620000
568,,엔에스쇼핑,138250,466689600000
569,,엔에이치스팩19호,380440,106939650000
570,,엔케이,085310,81982935800
571,,엘브이엠씨홀딩스,900140,376935575630
572,,엠씨넥스,097520,860632807800
573,,영보화학,014440,80000000000
574,,영원무역,111770,1863297229400
575,,영원무역홀딩스,009970,677688922400
576,,영진약품,003520,801070161780
577,,영풍,000670,1191799880000
578,,영풍제지,006740,159174000000
579,,영화금속,012280,86766070625
580,,영흥,012160,109415201760
581,,예스코홀딩스,015360,220500000000
582,,오뚜기,007310,1694619231500
583,,오리엔트바이오,002630,148821671275
584,,오리온,271560,4190829992000
585,,오리온홀딩스,001800,989797667600
586,,와이투솔루션,011690,359254954280
587,,용평리조트,070960,258957331540
588,,우리금융지주,316140,9828817411500
589,,우리들휴브레인,118000,115479246460
590,,우리종금,010050,861090354910
591,,우성,006980,89301000000
592,,우신시스템,017370,83328945700
593,,우진,105840,183522234420
594,,우진아이엔에스,010400,54954620000
595,,우진플라임,049800,86400000000
596,,웅진,016880,155458170600
597,,웅진씽크빅,095720,386367519825
598,,원림,005820,46533892500
599,,웰바이오텍,010600,97697611260
600,,윌비스,008600,122335756320
601,,유나이티드제약,033270,776502491600
602,,유니드,014830,946768279500
603,,유니온,000910,111466959660
604,,유니온머티리얼,047400,133560000000
605,,유니켐,011330,99219750630
606,,유니퀘스트,077500,297956677500
607,,유성기업,002920,82642787500
608,,유수홀딩스,000700,157552962600
609,,유안타증권,003470,854273345280
610,,유안타증권우,003475,55845316900
611,,유엔젤,072130,72443042460
612,,유유제약,000220,120109486470
613,,유유제약1우,000225,20787748100
614,,유유제약2우B,000227,5860080000
615,,유진투자증권,001200,375357369750
616,,유한양행,000100,4177385652300
617,,유한양행우,000105,68966896000
618,,유화증권,003460,157916225775
619,,유화증권우,003465,48846607875
620,,율촌화학,008730,570400000000
621,,이건산업,008250,139098464500
622,,이구산업,025820,123400980000
623,,이노션,214320,1168000000000
624,,이리츠코크렙,088260,383216619500
625,,이마트,139480,4446193130500
626,,이수페타시스,007660,282079028740
627,,이수화학,005950,441760795200
628,,이스타코,015020,153408728000
629,,이아이디,093230,246497045475
630,,이엔플러스,074610,169722144225
631,,이연제약,102460,735241870450
632,,이월드,084680,314809748460
633,,이지스레지던스리츠,350520,110210000000
634,,이지스밸류리츠,334890,141360000000
635,,이화산업,000760,44380000000
636,,인디에프,014990,82211528025
637,,인바이오젠,101140,232799707455
638,,인스코비,006490,408085691500
639,,인지컨트롤스,023800,225127900800
640,,인천도시가스,034590,123149325100
641,,인터지스,129260,108877218840
642,,인팩,023810,128500000000
643,,일동제약,249420,366570589000
644,,일동홀딩스,000230,160411560000
645,,일성건설,013360,342517739200
646,,일성신약,003120,193914000000
647,,일신방직,003200,256800000000
648,,일신석재,007110,182023033500
649,,일양약품,007570,552529972800
650,,일양약품우,007575,11994906000
651,,일정실업,008500,32580000000
652,,일진다이아,081000,490712786250
653,,일진디스플,020760,104094223720
654,,일진머티리얼즈,020150,6063574802500
655,,일진전기,103590,203942145000
656,,일진하이솔루스,271940,2327675479000
657,,일진홀딩스,015860,288682775550
658,,잇츠한불,226320,437489834250
659,,자이에스앤디,317400,356023533600
660,,자화전자,033240,349050000000
661,,전방,000950,68460000000
662,,제이알글로벌리츠,348950,892584000000
663,,제이에스코퍼레이션,194370,313386623500
664,,제이준코스메틱,025620,73082997128
665,,제이콘텐트리,036420,1024933152600
666,,제일기획,030000,2778245583750
667,,제일약품,271980,451439570400
668,,제일연마,001560,93800000000
669,,제일파마홀딩스,002620,263560357500
670,,제주은행,006220,191808780780
671,,제주항공,089590,945433692000
672,,조광페인트,004910,106624000000
673,,조광피혁,004700,372351728000
674,,조비,001550,113969646050
675,,조선내화,000480,338800000000
676,,조선선재,120030,134568657000
677,,조일알미늄,018470,226302944805
678,,조흥,002600,117000000000
679,,종근당,185750,1279723088000
680,,종근당바이오,063160,212306729400
681,,종근당홀딩스,001630,387763241400
682,,주연테크,044380,73453259705
683,,지누스,013890,1344618295000
684,,지엠비코리아,013870,117866690400
685,,지역난방공사,071320,446939518400
686,,지코,010580,100210979160
687,,지투알,035000,114812144370
688,,진도,088790,37654425600
689,,진양산업,003780,103870000000
690,,진양폴리,010640,48000000000
691,,진양홀딩스,100250,216035303580
692,,진양화학,051630,58260000000
693,,진에어,272450,957870000000
694,,진원생명과학,011000,1148372303200
695,,진흥기업,002780,314946327925
696,,진흥기업2우B,002787,4525302800
697,,진흥기업우B,002785,5203313260
698,,참엔지니어링,009310,68022490900
699,,천일고속,000650,94614364000
700,,체시스,033250,43840000000
701,,카카오,035720,55489431627000
702,,카카오뱅크,323410,30738985333900
703,,카카오페이,377300,23857183875000
704,,카프로,006380,170200000000
705,,컨버즈,109070,66185504600
706,,케이비아이동국실업,001620,74571370335
707,,케이씨,029460,302932883400
708,,케이씨텍,281820,519452744400
709,,케이카,381970,1668602695100
710,,케이탑리츠,145270,69105069865
711,,코람코에너지리츠,357120,486643800000
712,,코리아써우,007815,22235175000
713,,코리아써키트,007810,505484071400
714,,코리아써키트2우B,00781K,7492162440
715,,코리안리,003690,1188043174920
716,,코스맥스,192820,1140625654500
717,,코스맥스비티아이,044820,133974697950
718,,코스모신소재,005070,1444170672000
719,,코스모화학,005420,461085598350
720,,코아스,071950,35388755450
721,,코오롱,002020,416040736700
722,,코오롱글로벌,003070,602529468200
723,,코오롱글로벌우,003075,9759453600
724,,코오롱우,002025,21635439000
725,,코오롱인더,120110,2176760098100
726,,코오롱인더우,120115,103794750000
727,,코오롱플라스틱,138490,522500000000
728,,코웨이,021240,5475931729800
729,,콤텍시스템,031820,117419922020
730,,쿠쿠홀딩스,192400,670347187250
731,,쿠쿠홈시스,284740,895249467000
732,,큐로,015590,115143395724
733,,크라운제과,264900,123234684000
734,,크라운제과우,26490K,10365704000
735,,크라운해태홀딩스,005740,126796343380
736,,크라운해태홀딩스우,005745,7689292800
737,,크래프톤,259960,24918881405000
738,,키다리스튜디오,020120,549397728000
739,,키움증권,039490,2753048865000
740,,태경비케이,014580,148397078000
741,,태경산업,015890,201093800000
742,,태경케미컬,006890,145580000000
743,,태광산업,003240,1055503200000
744,,태림포장,011280,306589720200
745,,태양금속,004100,52664500000
746,,태양금속우,004105,8613000000
747,,태영건설,009410,408440529000
748,,태영건설우,009415,15495489800
749,,태원물산,001420,41040000000
750,,태평양물산,007980,113392277385
751,,테이팩스,055490,423644970000
752,,텔코웨어,078000,109640577800
753,,토니모리,214420,112324535310
754,,티에이치엔,019180,77040000000
755,,티와이홀딩스,363280,1000273213500
756,,티와이홀딩스우,36328K,27742969800
757,,티웨이항공,091810,376777902785
758,,티웨이홀딩스,004870,78246888670
759,,파미셀,005690,743490980000
760,,팜스코,036580,220000378570
761,,팜젠사이언스,004720,155957089800
762,,팬오션,028670,2961515096480
763,,퍼스텍,010820,102611217100
764,,퍼시스,016800,438725000000
765,,페이퍼코리아,001020,62577243270
766,,평화산업,090080,100745645265
767,,평화홀딩스,010770,66838379620
768,,포스코강판,058430,356400000000
769,,포스코인터내셔널,047050,2473671737450
770,,포스코케미칼,003670,11813141050000
771,,폴루스바이오팜,007630,55134426375
772,,풀무원,017810,644237159800
773,,풍산,103140,886968398700
774,,풍산홀딩스,005810,292507736800
775,,프레스티지바이오파마,950210,1508413490500
776,,플레이그램,009810,256142223430
777,,하나금융지주,086790,13045517593900
778,,하나제약,293480,350127036200
779,,하나투어,039130,1000833483000
780,,하이골드12호,172580,35350595000
781,,하이골드3호,153360,42312449800
782,,하이브,352820,15073615362000
783,,하이스틸,071090,58298367600
784,,하이트론,019490,34446923520
785,,하이트진로,000080,2293369079700
786,,하이트진로2우B,000087,22433239300
787,,하이트진로홀딩스,000140,313291327500
788,,하이트진로홀딩스우,000145,7532960000
789,,한국ANKOR유전,152550,112732200000
790,,한국가스공사,036460,3530972250000
791,,한국공항,005430,134411769750
792,,한국금융지주,071050,4658692931200
793,,한국금융지주우,071055,404219319000
794,,한국내화,010040,150716117540
795,,한국단자,025540,775917500000
796,,한국석유,004090,142174144000
797,,한국수출포장,002200,103600000000
798,,한국쉘석유,002960,358800000000
799,,한국앤컴퍼니,000240,1518963840000
800,,한국자산신탁,123890,543642442520
801,,한국전력,015760,14315798917100
802,,한국전자홀딩스,006200,110689416640
803,,한국조선해양,009540,6808373759200
804,,한국종합기술,023350,77635500000
805,,한국주강,025890,75772035300
806,,한국주철관,000970,209764600000
807,,한국철강,104700,368400000000
808,,한국카본,017960,457191872800
809,,한국콜마,161890,936984321000
810,,한국콜마홀딩스,024720,393826442800
811,,한국타이어앤테크놀로지,161390,5041715308300
812,,한국토지신탁,034830,633747967300
813,,한국특강,007280,159195003240
814,,한국패러랠,168490,170842700000
815,,한국프랜지,010100,83281898700
816,,한국항공우주,047810,2992485784900
817,,한국화장품,123690,147986280000
818,,한국화장품제조,003350,124176800000
819,,한농화성,011500,265829714000
820,,한독,002390,311744022450
821,,한라,014790,202543515350
822,,한라홀딩스,060980,506848188000
823,,한미글로벌,053690,127107580000
824,,한미반도체,042700,1765717608900
825,,한미사이언스,008930,3661370838400
826,,한미약품,128940,3243018717000
827,,한샘,009240,2198068875200
828,,한섬,020000,927319500000
829,,한성기업,003680,38188517250
830,,한세실업,105630,906000000000
831,,한세엠케이,069640,61771105770
832,,한세예스24홀딩스,016450,306800000000
833,,한솔PNS,010420,39449048100
834,,한솔로지스틱스,009180,117053830500
835,,한솔제지,213500,342728294400
836,,한솔케미칼,014680,3593256815000
837,,한솔테크닉스,004710,203255527740
838,,한솔홀딩스,004150,154591563360
839,,한솔홈데코,025750,139780533515
840,,한신공영,004960,200173144600
841,,한신기계,011700,130109065510
842,,한양증권,001750,199837983800
843,,한양증권우,001755,10290000000
844,,한온시스템,018880,7179610000000
845,,한올바이오파마,009420,1057872919500
846,,한익스프레스,014130,70080000000
847,,한일시멘트,300720,1516827726000
848,,한일철강,002220,75019862600
849,,한일현대시멘트,006390,606111643500
850,,한일홀딩스,003300,380368296000
851,,한전KPS,051600,1876500000000
852,,한전기술,052690,3573570000000
853,,한전산업,130660,449880000000
854,,한진,002320,463376468000
855,,한진중공업,097230,678685390150
856,,한진중공업홀딩스,003480,119595738600
857,,한진칼,180640,3623920803900
858,,한진칼우,18064K,18625780200
859,,한창,005110,68793977070
860,,한창제지,009460,124705045740
861,,한컴라이프케어,372910,224992920780
862,,한화,000880,2439906824250
863,,한화3우B,00088K,380900400000
864,,한화생명,088350,2896547550000
865,,한화손해보험,000370,471041522025
866,,한화솔루션,009830,6761694868950
867,,한화솔루션우,009835,41859203250
868,,한화시스템,272210,2984926346200
869,,한화에어로스페이스,012450,2222657000000
870,,한화우,000885,17326478100
871,,한화투자증권,003530,1164994418250
872,,한화투자증권우,003535,64320000000
873,,해성디에스,195870,814300000000
874,,해태제과식품,101530,238466772180
875,,핸즈코퍼레이션,143210,109534972680
876,,현대건설,000720,5356212296500
877,,현대건설기계,267270,782121482100
878,,현대건설우,000725,84586378600
879,,현대그린푸드,005440,863707620880
880,,현대글로비스,086280,5981250000000
881,,현대두산인프라코어,042670,641318745420
882,,현대로템,064350,2291988153000
883,,현대리바트,079430,302895409500
884,,현대모비스,012330,23034721842000
885,,현대미포조선,010620,2987672745200
886,,현대백화점,069960,1771564783700
887,,현대비앤지스틸,004560,241260976000
888,,현대비앤지스틸우,004565,8293826000
889,,현대약품,004310,170880000000
890,,현대에너지솔루션,322000,235200000000
891,,현대엘리베이,017800,1806072201750
892,,현대오토에버,307950,3126333948000
893,,현대위아,011210,2107618932500
894,,현대일렉트릭,267260,874143023750
895,,현대제철,004020,5471277185000
896,,현대중공업,329180,9986975550000
897,,현대중공업지주,267250,4526303770500
898,,현대차,005380,45297655644000
899,,현대차2우B,005387,3666787825500
900,,현대차3우B,005389,230486951500
901,,현대차우,005385,2389390798500
902,,현대차증권,001500,412263306000
903,,현대코퍼레이션,011760,227538215200
904,,현대코퍼레이션홀딩스,227840,111030199200
905,,현대퓨처넷,126560,535035065040
906,,현대해상,001450,2297580000000
907,,현대홈쇼핑,057050,782400000000
908,,형지엘리트,093240,110287984920
909,,혜인,003010,74623824890
910,,호전실업,111110,99480961250
911,,호텔신라,008770,3084902310600
912,,호텔신라우,008775,60751823200
913,,화성산업,002460,153767380000
914,,화승알앤에이,378850,107124033720
915,,화승엔터프라이즈,241590,1038789305750
916,,화승인더,006060,351835200000
917,,화승코퍼레이션,013520,123626592440
918,,화신,010690,320918567900
919,,화인베스틸,133820,85695000000
920,,화천기계,010660,56870000000
921,,화천기공,000850,76230000000
922,,환인제약,016580,323641218000
923,,황금에스티,032560,141760000000
924,,효성,004800,2050210732500
925,,효성ITX,094280,245611750000
926,,효성중공업,298040,612622803600
927,,효성첨단소재,298050,2934365940000
928,,효성티앤씨,298020,2297999142000
929,,효성화학,298000,845383390000
930,,후성,093370,2287388429300
931,,휠라홀딩스,081660,2259982658400
932,,휴니드,005870,102623429050
933,,휴비스,079980,303255000000
934,,휴스틸,005010,115996702000
935,,휴켐스,069260,960646818000
936,,흥국화재,000540,242515984875
937,,흥국화재2우B,000547,4078080000
938,,흥국화재우,000545,6259200000
939,,흥아해운,003280,674391841695
940,,3S,060310,179996185570
941,,APS홀딩스,054620,316110425500
942,,AP시스템,265520,370574459250
943,,AP위성,211270,189282915200
944,,CBI,013720,243187908675
945,,CJ ENM,035760,3528400878600
946,,CJ프레시웨이,051500,341901676800
947,,CMG제약,058820,492373004980
948,,CNH,023460,105090000000
949,,CNT85,056730,109591063600
950,,COWON,056000,56399843500
951,,CS,065770,69200678450
952,,CSA 코스믹,083660,50831712760
953,,DB금융스팩8호,367340,12826000000
954,,DB금융스팩9호,367360,10212400000
955,,DMS,068790,160707818940
956,,DSC인베스트먼트,241520,151294032320
957,,EDGC,245620,278278812700
958,,EG,037370,114781556450
959,,EMW,079190,53079608990
960,,ES큐브,050120,63140820330
961,,FSN,214270,216221518800
962,,GH신소재,130500,112142350920
963,,GRT,900290,64073625000
964,,GST,083450,323325751500
965,,GV,045890,20823884880
966,,HB솔루션,297890,305157788700
967,,HB테크놀러지,078150,188392166010
968,,HK이노엔,195940,1667789592300
969,,HRS,036640,128875824000
970,,IBKS제12호스팩,335870,6739200000
971,,IBKS제13호스팩,351340,11012100000
972,,IBKS제14호스팩,351320,23122200000
973,,IBKS제15호스팩,373200,9081600000
974,,IBKS제16호스팩,388790,7450850000
975,,ISC,095340,464900899600
976,,ITX-AI,099520,37652662655
977,,JTC,950170,154549357555
978,,JW신약,067290,159051425960
979,,JYP Ent.,035900,1796173095200
980,,KBI메탈,024840,66231204480
981,,KB오토시스,024120,78890000000
982,,KCC건설,021320,191102000000
983,,KCI,036670,102669700000
984,,KD,044180,28336567725
985,,KG ETS,151860,590400000000
986,,KG모빌리언스,046440,354865691520
987,,KG이니시스,035600,486932373300
988,,KH E&T,226360,90891564840
989,,KH 일렉트론,111870,86650556000
990,,KH바텍,060720,596671538400
991,,KMH,122450,413463991680
992,,KMH하이텍,052900,75954508380
993,,KNN,058400,192023094000
994,,KPX생명과학,114450,97050000000
995,,KT서브마린,060370,112347000000
996,,LX세미콘,108320,1808590160000
997,,NEW,160550,414405674100
998,,NE능률,053290,221452513800
999,,NHN벅스,104200,179413355000
1000,,NHN한국사이버결제,060250,1408909217500
1001,,NICE평가정보,030190,1153581580000
1002,,OQP,078590,197556560040
1003,,PN풍년,024940,51500000000
1004,,RFHIC,218410,895360032000
1005,,RF머트리얼즈,327260,106369383400
1006,,S&K폴리텍,091340,69637139950
1007,,SBI인베스트먼트,019550,282806173375
1008,,SBI핀테크솔루션즈,950110,170741084000
1009,,SBS콘텐츠허브,046140,172566982200
1010,,SCI평가정보,036120,120877500000
1011,,SDN,099220,104477945670
1012,,SFA반도체,036540,1154511327060
1013,,SG,255220,73378973925
1014,,SG&G,040610,79423166680
1015,,SGA,049470,59205718880
1016,,SGA솔루션즈,184230,59797668770
1017,,SGC이테크건설,016250,141697290000
1018,,SK5호스팩,337450,9007900000
1019,,SK6호스팩,340350,11933900000
1020,,SK머티리얼즈,036490,4324545930000
1021,,SM C&C,048550,421681594800
1022,,SM Life Design,063440,147447042040
1023,,SNK,950180,410705100000
1024,,SV인베스트먼트,289080,169816460000
1025,,THE E&M,089230,117599229498
1026,,THE MIDONG,161570,21114734650
1027,,THQ,192410,82884160635
1028,,TJ미디어,032540,69797361090
1029,,TPC,048770,50230144800
1030,,TS인베스트먼트,246690,106031132090
1031,,TS트릴리온,317240,84708169290
1032,,UCI,038340,16641828315
1033,,WI,073570,95467750140
1034,,YBM넷,057030,111905101420
1035,,YTN,040300,129360000000
1036,,YW,051390,46443455120
1037,,iMBC,052220,114540000000
1038,,가비아,079940,186115655000
1039,,가온미디어,078890,259971914400
1040,,감성코퍼레이션,036620,179758047900
1041,,강스템바이오텍,217730,136007461125
1042,,강원에너지,114190,65307595000
1043,,갤럭시아머니트리,094480,641407851300
1044,,게임빌,063080,983343127200
1045,,경남스틸,039240,95375000000
1046,,경남제약,053950,106262694500
1047,,경남제약헬스케어,223310,44267239920
1048,,경동제약,011040,356917685600
1049,,경창산업,024910,120530951825
1050,,고려시멘트,198440,126480741800
1051,,고려신용정보,049720,127270000000
1052,,고려제약,014570,96580000000
1053,,고바이오랩,348150,340868211050
1054,,고영,098460,1366229624500
1055,,골드앤에스,035290,47272202550
1056,,골드퍼시픽,038530,114076514730
1057,,골든센츄리,900280,64979081488
1058,,골프존,215000,1064937925500
1059,,골프존뉴딘홀딩스,121440,427083075460
1060,,광림,014200,167024757760
1061,,광진실업,026910,28504052250
1062,,광진윈텍,090150,200489439150
1063,,교보10호스팩,355150,11358200000
1064,,교보9호스팩,331520,8322600000
1065,,구영테크,053270,89476249860
1066,,국보디자인,066620,168750000000
1067,,국순당,043650,165903644160
1068,,국영지앤엠,006050,77118487030
1069,,국일신동,060480,41864750000
1070,,국일제지,078130,525783988760
1071,,국전약품,307750,525041178300
1072,,그리티,204020,56916489750
1073,,그린플러스,186230,150400613200
1074,,글로벌에스엠,900070,51432977376
1075,,글로벌텍스프리,204620,150109008280
1076,,글로본,019660,131057276000
1077,,금강철강,053260,96595200000
1078,,금화피에스시,036190,203700000000
1079,,기가레인,049080,176712425200
1080,,기산텔레콤,035460,40889438700
1081,,까스텔바작,308100,78170895000
1082,,나노,187790,50887266600
1083,,나노브릭,286750,69579468640
1084,,나노스,151910,970523515910
1085,,나노신소재,121600,666087646200
1086,,나노씨엠에스,247660,334535760000
1087,,나노엔텍,039860,198843586340
1088,,나노캠텍,091970,45209484250
1089,,나라엠앤디,051490,134616000000
1090,,나무가,190510,143605781000
1091,,나무기술,242040,107176521000
1092,,나스미디어,089600,328487922000
1093,,나우IB,293580,94237680000
1094,,나이벡,138610,250050219750
1095,,나이스디앤비,130580,153230000000
1096,,나이스정보통신,036800,303000000000
1097,,나인테크,267320,121932334630
1098,,남화산업,111710,184262600000
1099,,남화토건,091590,104368600000
1100,,내츄럴엔도텍,168330,149473206785
1101,,네오리진,094860,111785646560
1102,,네오셈,253590,110395077930
1103,,네오오토,212560,55124741000
1104,,네오위즈,095660,594910413000
1105,,네오위즈홀딩스,042420,580124723000
1106,,네오이뮨텍(Reg.S),950220,995173301000
1107,,네오크레마,311390,119446318500
1108,,네오티스,085910,69201815760
1109,,네오팜,092730,212160281850
1110,,네오펙트,290660,56907902800
1111,,네온테크,306620,173986716780
1112,,네이블,153460,54460316760
1113,,네이처셀,007390,1077187083200
1114,,네패스,033640,809377990200
1115,,네패스아크,330860,579351339750
1116,,넥스턴바이오,089140,232546048000
1117,,넥스트BT,065170,125003635395
1118,,넥스트아이,137940,113438521670
1119,,넥스틴,348210,508324950000
1120,,넥슨지티,041140,537674494400
1121,,넵튠,217270,835122888600
1122,,넷게임즈,225570,477483503850
1123,,노랑풍선,104620,208020622500
1124,,노바렉스,194700,294872485000
1125,,노바텍,285490,409318806400
1126,,노터스,278650,208130809600
1127,,녹십자엠에스,142280,153522647410
1128,,녹십자웰빙,234690,181960829000
1129,,녹원씨엔아이,065560,99593806250
1130,,농우바이오,054050,179542283200
1131,,누리플랜,069140,52418243340
1132,,누리플렉스,040160,111152032700
1133,,뉴로스,126870,79475828550
1134,,뉴보텍,060260,42293693750
1135,,뉴인텍,012340,101099749230
1136,,뉴지랩파마,214870,345001252500
1137,,뉴트리,270870,212793780400
1138,,뉴파워프라즈마,144960,303663736800
1139,,뉴프렉스,085670,133879934090
1140,,다나와,119860,383092284600
1141,,다날,064260,965286560000
1142,,다믈멀티미디어,093640,74361777675
1143,,다보링크,340360,108207373200
1144,,다산네트웍스,039560,296140021320
1145,,다우데이타,032190,563010000000
1146,,다원시스,068240,976918396650
1147,,대동금속,020400,31891660000
1148,,대동기어,008830,55003622400
1149,,대동스틸,048470,60400000000
1150,,대륙제관,004780,85082114650
1151,,대림제지,017650,109800000000
1152,,대명소노시즌,007720,130536582750
1153,,대모,317850,43952937600
1154,,대보마그네틱,290670,256252375000
1155,,대봉엘에스,078140,90688216220
1156,,대성미생물,036480,56810000000
1157,,대성엘텍,025440,96124718536
1158,,대성창투,027830,117000000000
1159,,대성파인텍,104040,69175831010
1160,,대신밸런스제10호스팩,387310,12012000000
1161,,대신밸런스제7호스팩,332290,12492000000
1162,,대신밸런스제8호스팩,336570,15006750000
1163,,대신밸런스제9호스팩,369370,25175800000
1164,,대신정보통신,020180,43424673950
1165,,대아티아이,045390,412678827600
1166,,대양전기공업,108380,146380194900
1167,,대양제지,006580,87531000000
1168,,대원,007680,133926881040
1169,,대원미디어,048910,325165754100
1170,,대원산업,005710,140864328000
1171,,대유,290380,90949572000
1172,,대유에이피,290120,69744953900
1173,,대정화금,120240,147762535050
1174,,대주산업,003310,74854820250
1175,,대주전자재료,078600,1808133262400
1176,,대창솔루션,096350,83518114590
1177,,대창스틸,140520,69027224610
1178,,대한과학,131220,62617716000
1179,,대한광통신,010170,208688798750
1180,,대한그린파워,060900,172786805000
1181,,대한뉴팜,054670,162210596000
1182,,대한약품,023910,178500000000
1183,,대호특수강,021040,56775100620
1184,,대호특수강우,021045,6236425020
1185,,대화제약,067080,173134845000
1186,,더네이쳐홀딩스,298540,479246415200
1187,,더블유에스아이,299170,69732541755
1188,,덕산네오룩스,213420,1486219742800
1189,,덕산테코피아,317330,607373995400
1190,,덕산하이메탈,077360,337369739850
1191,,덕신하우징,090410,105071736600
1192,,덕우전자,263600,114061019600
1193,,데브시스터즈,194480,1275085920000
1194,,데이타솔루션,263800,113901800600
1195,,덱스터,206560,913144896000
1196,,덴티스,261200,137691113700
1197,,도이치모터스,067990,215660579680
1198,,동구바이오제약,006620,220319038080
1199,,동국S&C,100130,298857890000
1200,,동국산업,005160,200162138580
1201,,동국알앤에스,075970,85100000000
1202,,동국제약,086450,911430000000
1203,,동방선기,099410,36696115420
1204,,동성화인텍,033500,314704944400
1205,,동신건설,025950,267540000000
1206,,동아엘텍,088130,113560289700
1207,,동아화성,041930,222780000000
1208,,동양에스텍,060380,67374000000
1209,,동양이엔피,079960,145410000000
1210,,동양파일,228340,84600000000
1211,,동우팜투테이블,088910,81886691880
1212,,동운아나텍,094170,124800292600
1213,,동원개발,013120,468569796000
1214,,동일금속,109860,101850000000
1215,,동일기연,032960,53775424750
1216,,동일철강,023790,61552748380
1217,,동진쎄미켐,005290,1976887294300
1218,,동화기업,025900,2129204055800
1219,,듀오백,073190,33330991400
1220,,드래곤플라이,030350,114941556620
1221,,드림시큐리티,203650,222665317600
1222,,드림씨아이에스,223250,64796168300
1223,,드림어스컴퍼니,060570,289985219700
1224,,디딤,217620,59341390680
1225,,디바이스이엔지,187870,211098270000
1226,,디스플레이텍,066670,145610041220
1227,,디아이티,110990,199395000000
1228,,디알젬,263690,133642198000
1229,,디알텍,214680,87201867060
1230,,디앤씨미디어,263720,492231951100
1231,,디어유,376300,1612098400000
1232,,디에스케이,109740,212956290800
1233,,디에이치피코리아,131030,117278762760
1234,,디에이테크놀로지,196490,192439312000
1235,,디에이피,066900,91205457030
1236,,디엔에이링크,127120,54427057440
1237,,디엔에프,092070,238958867700
1238,,디엠티,134580,77962500000
1239,,디오,039840,548157237750
1240,,디와이디대양,219550,31931144000
1241,,디와이피엔에프,104460,447829525000
1242,,디이엔티,079810,55928125110
1243,,디젠스,113810,29038965390
1244,,디지아이,043360,27990000000
1245,,디지캡,197140,85980544950
1246,,디지탈옵틱,106520,46913617500
1247,,디지털대성,068930,279490096600
1248,,디지틀조선,033130,112644835345
1249,,디케이락,105740,93794023200
1250,,디케이앤디,263020,89276823000
1251,,디케이티,290550,225538524200
1252,,디티앤씨,187220,75372383880
1253,,딜리,131180,58259750000
1254,,딥노이드,315640,196224327900
1255,,라닉스,317120,95057425000
1256,,라온시큐어,042510,176513695490
1257,,라온테크,232680,149133432000
1258,,라온피플,300120,190904531400
1259,,라이온켐텍,171120,159839652960
1260,,라이트론,069540,123794291000
1261,,라이프시맨틱스,347700,94417454100
1262,,라파스,214260,424993871200
1263,,램테크놀러지,171010,111775101840
1264,,랩지노믹스,084650,284534910450
1265,,러셀,217500,125816460000
1266,,레고켐바이오,141080,1180240506600
1267,,레드로버,060300,48840480210
1268,,레드캡투어,038390,180379080000
1269,,레몬,294140,207200000000
1270,,레이,228670,359276418000
1271,,레이언스,228850,208217225700
1272,,레이크머티리얼즈,281740,310248186560
1273,,레인보우로보틱스,277810,313023151600
1274,,로보로보,215100,69388228140
1275,,로보스타,090360,199875000000
1276,,로보티즈,108490,150763400000
1277,,로스웰,900260,49002552496
1278,,로지시스,067730,67620714780
1279,,로체시스템즈,071280,84284282530
1280,,루멘스,038060,48343584345
1281,,루트로닉,085370,403436433400
1282,,루트로닉3우C,08537M,7275811200
1283,,룽투코리아,060240,215640328320
1284,,리노공업,058470,3104870769000
1285,,리노스,039980,53816713210
1286,,리더스 기술투자,019570,71784123504
1287,,리더스코스메틱,016100,70768812270
1288,,리드코프,012700,243833364700
1289,,리메드,302550,162954516400
1290,,리파인,377450,294610000000
1291,,릭스솔루션,029480,150765839700
1292,,린드먼아시아,277070,75386640000
1293,,링네트,042500,105655320640
1294,,링크제니시스,219420,92903006700
1295,,마니커에프앤지,195500,85935600000
1296,,마이더스AI,222810,52345316958
1297,,마이크로디지탈,305090,123447200000
1298,,마이크로컨텍솔,098120,92271702600
1299,,마이크로프랜드,147760,89155695840
1300,,마인즈랩,377480,189910612500
1301,,마크로젠,038290,299499650450
1302,,맘스터치,220630,458687977155
1303,,매일유업,267980,546701568600
1304,,매일홀딩스,005990,126345579840
1305,,매직마이크로,127160,24427827282
1306,,매커스,093520,134800187280
1307,,맥스트,377030,608225359200
1308,,머큐리,100590,121061520000
1309,,멀티캠퍼스,067280,239441871600
1310,,메가스터디,072870,163317138300
1311,,메가스터디교육,215200,893199564000
1312,,메가엠디,133750,109779191130
1313,,메드팩토,235980,1177293630800
1314,,메디아나,041920,85760000000
1315,,메디앙스,014100,73160000000
1316,,메디콕스,054180,93373338000
1317,,메디톡스,086900,895002350400
1318,,메디포스트,078160,369197203800
1319,,메디프론,065650,114491892375
1320,,메이슨캐피탈,021880,79522998608
1321,,메지온,140410,1675018769200
1322,,메카로,241770,132504320000
1323,,메타바이오메드,059210,68723570880
1324,,멕아이씨에스,058110,151677508500
1325,,멜파스,096640,68446138365
1326,,명성티엔에스,257370,59319850890
1327,,모다이노칩,080420,304935204150
1328,,모두투어,080160,419580000000
1329,,모바일리더,100030,61405451800
1330,,모바일어플라이언스,087260,138614644420
1331,,모베이스,101330,91999441920
1332,,모베이스전자,012860,139831623625
1333,,모비릭스,348030,196314400000
1334,,모비스,250060,77211153600
1335,,모아텍,033200,99888359450
1336,,모트렉스,118990,252890386400
1337,,모헨즈,006920,59404800000
1338,,무림SP,001810,68404875000
1339,,미디어젠,279600,74019539800
1340,,미래나노텍,095500,126648644955
1341,,미래생명자원,218150,84301497420
1342,,미래에셋대우스팩 5호,353490,10676600000
1343,,미래에셋대우스팩3호,328380,13385330000
1344,,미래에셋벤처투자,100790,399131910720
1345,,미래컴퍼니,049950,235817029200
1346,,미스터블루,207760,213692910050
1347,,미코,059090,445899460000
1348,,미코바이오메드,214610,166631921000
1349,,미투온,201490,217241501500
1350,,미투젠,950190,308942543000
1351,,민앤지,214180,271772292500
1352,,바디텍메드,206640,380482272000
1353,,바른손,018700,138073916595
1354,,바른손이앤에이,035620,112437409590
1355,,바른전자,064520,79000034288
1356,,바이넥스,053030,481179877200
1357,,바이브컴퍼니,301300,303152354000
1358,,바이오니아,064550,1211793162450
1359,,바이오다인,314930,176101967250
1360,,바이오로그디바이스,208710,140659643740
1361,,바이오리더스,142760,230125924160
1362,,바이오솔루션,086820,176763686800
1363,,바이오스마트,038460,101644268000
1364,,바이오톡스텍,086040,117483655230
1365,,바이오플러스,099430,318152145200
1366,,바이온,032980,71918335275
1367,,바이옵트로,222160,53668076940
1368,,바이젠셀,308080,328833448000
1369,,바텍,043150,534753216000
1370,,박셀바이오,323990,860099500000
1371,,배럴,267790,69471255000
1372,,백금T&A,046310,67152241690
1373,,버킷스튜디오,066410,256893807800
1374,,베노홀딩스,206400,129751899920
1375,,베뉴지,019010,107968000000
1376,,베셀,177350,53554657170
1377,,베스파,299910,65491189680
1378,,보광산업,225530,247103343600
1379,,보라티알,250000,94172725350
1380,,보성파워텍,006910,185219436480
1381,,본느,226340,70609070800
1382,,부방,014470,151932217800
1383,,부스타,008470,48327600000
1384,,뷰노,338220,211843598400
1385,,뷰웍스,100120,384071616000
1386,,브랜드엑스코퍼레이션,337930,281529400320
1387,,브레인즈컴퍼니,099390,111348371600
1388,,브리지텍,064480,66575425000
1389,,브릿지바이오테라퓨틱스,288330,236128740000
1390,,브이원텍,251630,130488528600
1391,,브이티지엠피,018290,277940177580
1392,,블루베리 NFT,044480,107518467120
1393,,블루콤,033560,168264000000
1394,,비나텍,126340,264875160500
1395,,비덴트,121800,1119008222500
1396,,비디아이,148140,49554926850
1397,,비보존 헬스케어,082800,185198449060
1398,,비비씨,318410,81939834250
1399,,비씨월드제약,200780,134719617600
1400,,비아트론,141000,129021661500
1401,,비에이치,090460,680592297600
1402,,비에이치아이,083650,109720000000
1403,,비엠티,086670,98165674450
1404,,비올,335890,112447478000
1405,,비즈니스온,138580,191124192000
1406,,비츠로셀,082920,303702043200
1407,,비츠로시스,054220,133860919270
1408,,비츠로테크,042370,251520240000
1409,,비투엔,307870,110614098000
1410,,비트나인,357880,200866746400
1411,,비트컴퓨터,032850,150607034580
1412,,비피도,238200,88753000000
1413,,빅솔론,093190,126976773000
1414,,빅텍,065450,148134976000
1415,,빛샘전자,072950,48226848660
1416,,사람인에이치알,143240,457626072750
1417,,삼강엠앤티,100090,736973515200
1418,,삼기,122350,184604345820
1419,,삼륭물산,014970,107387500000
1420,,삼목에스폼,018310,219030000000
1421,,삼보모터스,053700,115014004560
1422,,삼보산업,009620,84139962240
1423,,삼보판지,023600,261145500000
1424,,삼성머스트스팩5호,380320,17748900000
1425,,삼성스팩4호,377630,18894000000
1426,,삼아제약,009300,118800500000
1427,,삼양옵틱스,225190,113342880000
1428,,삼영에스앤씨,361670,76230000100
1429,,삼영엠텍,054540,61295000000
1430,,삼영이엔씨,065570,89914103300
1431,,삼일,032280,37939800600
1432,,삼일기업공사,002290,50592000000
1433,,삼지전자,037460,210508933800
1434,,삼진,032750,59880000000
1435,,삼진엘앤디,054090,88979662080
1436,,삼천당제약,000250,1039361071650
1437,,삼천리자전거,024950,123311530330
1438,,삼표시멘트,038500,514760779620
1439,,삼현철강,017480,93589224400
1440,,삼화네트웍스,046390,133620227635
1441,,상보,027580,108775882530
1442,,상상인,038540,444839636520
1443,,상상인이안제2호스팩,329560,7892500000
1444,,상상인인더스트리,101000,69526517448
1445,,상신이디피,091580,219713568750
1446,,상신전자,263810,60682498680
1447,,상아프론테크,089980,988122486600
1448,,상지카일룸,042940,98610624315
1449,,새로닉스,042600,395069653200
1450,,샘씨엔에스,252990,318476922100
1451,,샘코,263540,60278604100
1452,,서남,294630,73150927200
1453,,서린바이오,038070,175144263600
1454,,서부T&D,006730,534515557620
1455,,서산,079650,53500000000
1456,,서암기계공업,100660,64890000000
1457,,서연탑메탈,019770,70016500000
1458,,서울리거,043710,47715888480
1459,,서울바이오시스,092190,502641036950
1460,,서울반도체,046890,892072620000
1461,,서울옥션,063170,557431625000
1462,,서울전자통신,027040,52887523720
1463,,서울제약,018680,54386456740
1464,,서원인텍,093920,126480000000
1465,,서전기전,189860,75553496200
1466,,서진시스템,178320,829592672150
1467,,서진오토모티브,122690,53054482890
1468,,서플러스글로벌,140070,161267680000
1469,,서한,011370,174548116450
1470,,서호전기,065710,105060000000
1471,,서희건설,035890,392972461470
1472,,석경에이티,357550,104190500000
1473,,선광,003100,363000000000
1474,,선데이토즈,123420,228719223800
1475,,선익시스템,171090,249776246400
1476,,선진뷰티사이언스,086710,87453795000
1477,,성광벤드,014620,240240000000
1478,,성도이엔지,037350,85085000000
1479,,성우전자,081580,50866709040
1480,,성우테크론,045300,50521640230
1481,,성우하이텍,015750,476800000000
1482,,성창오토텍,080470,64094000000
1483,,성호전자,043260,84914560560
1484,,세경하이테크,148150,295196239050
1485,,세동,053060,22347528960
1486,,세명전기,017510,68607000000
1487,,세보엠이씨,011560,68866200000
1488,,세영디앤씨,052190,26981756100
1489,,세운메디칼,100700,175200000000
1490,,세원,234100,158703480780
1491,,세원물산,024830,52438000000
1492,,세종메디칼,258830,198655583825
1493,,세종텔레콤,036630,384420000000
1494,,세중,039310,60254542775
1495,,세진티에스,067770,43998147320
1496,,세코닉스,053450,121596840660
1497,,세틀뱅크,234340,299660100000
1498,,세화피앤씨,252500,65548496200
1499,,센코,347000,144809332200
1500,,셀레믹스,331920,115114486800
1501,,셀루메드,049180,238830047190
1502,,셀리드,299660,510887580000
1503,,셀리버리,268600,798221443950
1504,,셀바스AI,108860,162111195750
1505,,셀바스헬스케어,208370,60813982020
1506,,셀트리온제약,068760,4462854023100
1507,,셀트리온헬스케어,091990,13146416630400
1508,,소룩스,290690,90412430850
1509,,소리바다,053110,19563782040
1510,,소마젠,950200,156129792480
1511,,소프트센,032680,85146406380
1512,,소프트센우,032685,4071424500
1513,,소프트캠프,258790,75848546940
1514,,손오공,066910,67778325720
1515,,솔고바이오,043100,64404760480
1516,,솔루에타,154040,41890404480
1517,,솔본,035610,158333322630
1518,,솔브레인,357780,2129771370800
1519,,솔브레인홀딩스,036830,828080212000
1520,,솔트룩스,304100,149449484500
1521,,쇼박스,086980,378104000000
1522,,수산아이앤티,050960,104978050000
1523,,수성이노베이션,084180,98849798460
1524,,수젠텍,253840,223139282000
1525,,슈펙스비앤피,058530,21187053360
1526,,슈프리마,236200,170840233750
1527,,슈프리마아이디,317770,48711619000
1528,,슈프리마에이치큐,094840,77805771200
1529,,슈피겐코리아,192440,259843973400
1530,,스맥,099440,51787816165
1531,,스카이문스테크놀로지,033790,14190075900
1532,,스카이이앤엠,131100,47967631480
1533,,스킨앤스킨,159910,75277601849
1534,,스타플렉스,115570,59883810000
1535,,스튜디오드래곤,253450,2749299346000
1536,,스튜디오산타클로스,204630,106230710025
1537,,스페코,013810,79725756800
1538,,스포츠서울,039670,67797501120
1539,,승일,049830,93208102400
1540,,시공테크,020710,135925236600
1541,,시그네틱스,033170,162026522910
1542,,시너지이노베이션,048870,366257081670
1543,,시노펙스,025320,219362659210
1544,,시스웍,269620,121529866080
1545,,시큐브,131090,55230000000
1546,,시티랩스,139050,89803585696
1547,,신도기연,290520,134220312000
1548,,신라섬유,001000,54381689600
1549,,신라에스지,025870,48000000000
1550,,신라젠,215600,1244692212500
1551,,신성델타테크,065350,426001194000
1552,,신신제약,002800,100883825000
1553,,신영스팩5호,323280,7255350000
1554,,신영스팩6호,344050,9126600000
1555,,신원종합개발,017000,214108295450
1556,,신일제약,012790,124510764600
1557,,신진에스엠,138070,60203347930
1558,,신테카바이오,226330,182250216000
1559,,신한제6호스팩,333050,10395750000
1560,,신한제7호스팩,366330,9418500000
1561,,신한제8호스팩,393360,15361500000
1562,,신화인터텍,056700,90755808465
1563,,신화콘텍,187270,43922848850
1564,,신흥에스이씨,243840,477438583500
1565,,실리콘투,257720,199492803600
1566,,심텍,222800,1294870912950
1567,,심텍홀딩스,036710,173023528645
1568,,싸이맥스,160980,196636374000
1569,,싸이버원,356890,51281171500
1570,,싸이토젠,217330,370829652600
1571,,쌍용정보통신,010280,59870335824
1572,,썸에이지,208640,325240713560
1573,,쎄노텍,222420,72284715000
1574,,쎄니트,037760,71218298705
1575,,쎄트렉아이,099320,428386370050
1576,,쎌바이오텍,049960,189880000000
1577,,쏠리드,050890,443667990720
1578,,씨씨에스,066790,41051712645
1579,,씨아이에스,222080,946137284400
1580,,씨앤씨인터내셔널,352480,193769758350
1581,,씨앤지하이테크,264660,110111788000
1582,,씨앤투스성진,352700,208906597900
1583,,씨에스베어링,297090,177716420000
1584,,씨엔플러스,115530,57020957000
1585,,씨엠에스에듀,225330,141809519080
1586,,씨유메디칼,115480,45821692875
1587,,씨유테크,376290,129959200000
1588,,씨이랩,189330,268214138000
1589,,씨젠,096530,3274569823800
1590,,씨케이에이치,900120,41193785772
1591,,씨큐브,101240,69547942240
1592,,씨티씨바이오,060590,193925728560
1593,,씨티케이,260930,196317148650
1594,,아가방컴퍼니,013990,176277192960
1595,,아나패스,123860,309515845200
1596,,아난티,025980,899185604650
1597,,아래스,050320,45205142400
1598,,아리온,058220,10717917100
1599,,아모그린텍,125210,210334072500
1600,,아모센스,357580,199921356600
1601,,아모텍,052710,255277237200
1602,,아미노로직스,074430,199806070100
1603,,아미코젠,092040,589588483800
1604,,아바코,083930,178788456800
1605,,아바텍,149950,319173375000
1606,,아비코전자,036010,138911160300
1607,,아세아텍,050860,64237500000
1608,,아스타,246720,58841717760
1609,,아스트,067390,163423341840
1610,,아스플로,159010,104899946800
1611,,아시아경제,127710,114180222240
1612,,아시아종묘,154030,61171021440
1613,,아우딘퓨쳐스,227610,35707945280
1614,,아이디스,143160,252370984500
1615,,아이디스홀딩스,054800,137625154800
1616,,아이디피,332370,51568425510
1617,,아이비김영,339950,210799811950
1618,,아이센스,099190,404561659100
1619,,아이스크림에듀,289010,90691460850
1620,,아이쓰리시스템,214430,131830398000
1621,,아이씨디,040910,237560180950
1622,,아이씨케이,068940,97796816040
1623,,아이앤씨,052860,70022387680
1624,,아이에스이커머스,069920,88455289850
1625,,아이에이,038880,334562985250
1626,,아이엘사이언스,307180,118911960700
1627,,아이엠,101390,43270284652
1628,,아이오케이,078860,184537494360
1629,,아이원스,114810,283085231400
1630,,아이즈비전,031310,70116164970
1631,,아이진,185490,391793447400
1632,,아이컴포넌트,059100,61516482000
1633,,아이퀘스트,262840,106981000000
1634,,아이큐어,175250,407240801600
1635,,아이크래프트,052460,74062235520
1636,,아이텍,119830,159283709360
1637,,아이톡시,052770,40936750305
1638,,아이티센,124500,100532031650
1639,,아이티아이즈,372800,194106528000
1640,,아이티엠반도체,084850,1017423616000
1641,,아이패밀리에스씨,114840,81375451000
1642,,아주IB투자,027360,504419571250
1643,,아즈텍WB,032080,79194441865
1644,,아진산업,013310,132718510440
1645,,아진엑스텍,059120,100897968600
1646,,아톤,158430,157599487400
1647,,아프리카TV,067160,2420797930200
1648,,안국약품,001540,128989533800
1649,,안랩,053800,709982319500
1650,,안트로젠,065660,540813903000
1651,,알로이스,297570,114720720680
1652,,알리코제약,260660,108975119310
1653,,알비더블유,361570,320792365500
1654,,알서포트,131370,424005980680
1655,,알에스오토메이션,140670,106051581000
1656,,알에프세미,096610,47400080250
1657,,알에프텍,061040,196386265080
1658,,알엔투테크놀로지,148250,129888313000
1659,,알체라,347860,497360258750
1660,,알테오젠,196170,2988082475000
1661,,알톤스포츠,123750,54617882645
1662,,알티캐스트,085810,71245845600
1663,,알파홀딩스,117670,69336980760
1664,,압타머사이언스,291650,149003817600
1665,,압타바이오,293780,855673764300
1666,,애니젠,196300,90481279400
1667,,애니플러스,310200,158748384600
1668,,애머릿지,900100,109692162975
1669,,액션스퀘어,205500,276928721500
1670,,액토즈소프트,052790,151830549200
1671,,액트로,290740,84546092400
1672,,앤디포스,238090,204892667280
1673,,앤씨앤,092600,100340784100
1674,,앱코,129890,141602140800
1675,,앱클론,174900,231462745350
1676,,야스,255440,185423600000
1677,,얍엑스,060230,124334250495
1678,,양지사,030960,156923600000
1679,,어보브반도체,102120,251419003200
1680,,얼라인드,238120,61829252800
1681,,에너토크,019990,114634034000
1682,,에디슨EV,136510,223638355250
1683,,에브리봇,270660,143248268500
1684,,에스넷,038680,113973274350
1685,,에스디생명공학,217480,74642169780
1686,,에스디시스템,121890,7101198800
1687,,에스맥,097780,287773053750
1688,,에스씨디,042110,85543328280
1689,,에스씨엠생명과학,298060,195355127500
1690,,에스아이리소스,065420,43500682854
1691,,에스앤더블류,103230,18036000000
1692,,에스앤디,260970,74084415000
1693,,에스앤에스텍,101490,763671513200
1694,,에스에너지,095910,88351827295
1695,,에스에스알,275630,37552251360
1696,,에스에이엠티,031330,466976962890
1697,,에스에이티,060540,76962586170
1698,,에스에프에이,056190,1317851492000
1699,,에스엔유,080000,123562332000
1700,,에스엘바이오닉스,214310,32057225900
1701,,에스엠,041510,1762838159300
1702,,에스엠코어,007820,145246108500
1703,,에스와이,109610,188087223510
1704,,에스제이그룹,306040,218034798800
1705,,에스코넥,096630,124395838120
1706,,에스텍,069510,102990400000
1707,,에스텍파마,041910,113866376910
1708,,에스트래픽,234300,118917373600
1709,,에스티아이,039440,280982500000
1710,,에스티오,098660,30127352160
1711,,에스티큐브,052020,252556958780
1712,,에스티팜,237690,1848809600000
1713,,에스폴리텍,050760,60356635210
1714,,에스퓨얼셀,288620,212416364400
1715,,에스피시스템스,317830,47245060000
1716,,에스피지,058610,233971148000
1717,,에쎈테크,043340,72720000000
1718,,에이디엠코리아,187660,93131606250
1719,,에이디칩스,054630,66477690474
1720,,에이디테크놀로지,200710,295922270400
1721,,에이루트,096690,87025469488
1722,,에이비엘바이오,298380,977807956250
1723,,에이비온,203400,214573339600
1724,,에이비프로바이오,195990,250966644832
1725,,에이스침대,003800,465780000000
1726,,에이스테크,088800,690832895800
1727,,에이스토리,241840,296437736000
1728,,에이에프더블류,312610,133290323040
1729,,에이치시티,072990,111230214900
1730,,에이치앤비디자인,227100,46355534490
1731,,에이치엔티,176440,164619542400
1732,,에이치엘비,028300,4115148470400
1733,,에이치엘비생명과학,067630,1236700148950
1734,,에이치엘비제약,047920,371016676500
1735,,에이치엘비파워,043220,151251525820
1736,,에이치엘사이언스,239610,174434920250
1737,,에이치엠씨제4호스팩,353070,9051000000
1738,,에이치엠씨제5호스팩,353060,10792650000
1739,,에이치케이,044780,38862152700
1740,,에이치피오,357230,303060032000
1741,,에이테크솔루션,071670,160000000000
1742,,에이텍,045660,195762000000
1743,,에이텍티앤,224110,120417000000
1744,,에이트원,230980,109956102240
1745,,에이티넘인베스트,021080,240480000000
1746,,에이티세미콘,089530,44431678270
1747,,에이팩트,200470,113747846400
1748,,에이프로,262260,215019562500
1749,,에이프로젠 H&G,109960,126873604070
1750,,에이피티씨,089970,424240650500
1751,,에치에프알,230240,417377448000
1752,,에코마이스터,064510,22321777500
1753,,에코마케팅,230360,610470990850
1754,,에코바이오,038870,91842962540
1755,,에코캡,128540,132630668000
1756,,에코프로,086520,3313437870400
1757,,에코프로비엠,247540,11985564008800
1758,,에코프로에이치엔,383310,1380504866400
1759,,에코플라스틱,038110,79061659600
1760,,에프알텍,073540,43434000000
1761,,에프앤가이드,064850,138316000000
1762,,에프앤리퍼블릭,064090,22198606180
1763,,에프에스티,036810,537392688300
1764,,에프엔씨엔터,173940,133306086400
1765,,에프엔에스테크,083500,103982952800
1766,,엑사이엔씨,054940,46277099460
1767,,엑세스바이오,950130,551996010400
1768,,엑셈,205100,163892053545
1769,,엑스큐어,070300,26591527140
1770,,엑시콘,092870,145094358950
1771,,엔바이오니아,317870,93994923750
1772,,엔브이에이치코리아,067570,143115744320
1773,,엔비티,236810,220680538000
1774,,엔시스,333620,229072664800
1775,,엔시트론,101400,41177283975
1776,,엔에스,217820,120888988500
1777,,엔에스엔,031860,68654680710
1778,,엔에이치스팩17호,359090,17349750000
1779,,엔에이치스팩18호,365590,11707000000
1780,,엔에이치스팩20호,391060,52785000000
1781,,엔에이치스팩21호,391710,15777900000
1782,,엔에프씨,265740,121919070000
1783,,엔젠바이오,354200,181418315200
1784,,엔지스테크널러지,208860,25233717915
1785,,엔지켐생명과학,183490,462389647500
1786,,엔케이맥스,182400,727616131300
1787,,엔켐,348370,1726841313900
1788,,엔텔스,069410,115766511200
1789,,엔투텍,227950,125232500750
1790,,엔피,291230,635996947200
1791,,엔피디,198080,76880610450
1792,,엔피케이,048830,37728704845
1793,,엘디티,096870,33458784000
1794,,엘비루셈,376190,270600000000
1795,,엘비세미콘,061970,567010466400
1796,,엘아이에스,138690,68412741045
1797,,엘앤씨바이오,290650,762212337600
1798,,엘앤에프,066970,8385792597600
1799,,엘앤케이바이오,156100,149998721600
1800,,엘엠에스,073110,89402337750
1801,,엘오티베큠,083310,267150495000
1802,,엘컴텍,037950,116959813815
1803,,엘티씨,170920,80995566300
1804,,엠게임,058630,239412493250
1805,,엠로,058970,206461583000
1806,,엠벤처투자,019590,91226833040
1807,,엠브레인,169330,77577170350
1808,,엠아이텍,179290,162127242700
1809,,엠에스씨,009780,107008000000
1810,,엠에스오토텍,123040,213315782610
1811,,엠에프엠코리아,323230,30711564900
1812,,엠젠플러스,032790,120352455875
1813,,엠케이전자,033160,449238393400
1814,,엠투아이,347890,148496123360
1815,,엠투엔,033310,433678983250
1816,,엠플러스,259630,167656399000
1817,,엠피대산,065150,110248516400
1818,,연우,115960,291972900000
1819,,연이비앤티,090740,40260402610
1820,,영림원소프트랩,060850,91067200000
1821,,영신금속,007530,53592593340
1822,,영우디에스피,143540,94774776875
1823,,영풍정밀,036560,148522500000
1824,,영화테크,265560,186009132000
1825,,예림당,036000,56203635880
1826,,예선테크,250930,67650902000
1827,,예스24,053280,237500000000
1828,,예스티,122640,224784677000
1829,,오가닉티코스메틱,900300,79819855752
1830,,오공,045060,71664550020
1831,,오디텍,080520,79289610750
1832,,오로라,039830,105799208700
1833,,오로스테크놀로지,322310,268351428300
1834,,오르비텍,046120,156801740400
1835,,오리엔탈정공,014940,175686463155
1836,,오리엔트정공,065500,71500882820
1837,,오리콤,010470,82867346000
1838,,오비고,352910,201428902400
1839,,오상자이엘,053980,144645238300
1840,,오성첨단소재,052420,194490916620
1841,,오션브릿지,241790,151039773400
1842,,오스코텍,039200,894113140000
1843,,오스테오닉,226400,58454093190
1844,,오스템,031510,73640000000
1845,,오스템임플란트,048260,1644286026700
1846,,오이솔루션,138080,364406458500
1847,,오킨스전자,080580,461429677800
1848,,오텍,067170,182390519250
1849,,오파스넷,173130,47797532900
1850,,오픈베이스,049480,121290398380
1851,,오하임아이엔티,309930,104384147190
1852,,올리패스,244460,225207707840
1853,,올릭스,226950,538534188000
1854,,옴니시스템,057540,123555284300
1855,,옵트론텍,082210,208239334380
1856,,옵티시스,109080,129909800000
1857,,옵티팜,153710,144143845040
1858,,와이더플래닛,321820,133466276700
1859,,와이솔,122990,305828309850
1860,,와이아이케이,232140,498835728000
1861,,와이어블,065530,175759500000
1862,,와이엔텍,067900,196556317200
1863,,와이엠씨,155650,163190504860
1864,,와이엠텍,273640,231382600000
1865,,와이엠티,251370,292369819900
1866,,와이오엠,066430,36431012520
1867,,와이제이엠게임즈,193250,150392760170
1868,,와이즈버즈,273060,87168326890
1869,,와이지-원,019210,223494616890
1870,,와이지엔터테인먼트,122870,1156273836300
1871,,와이팜,332570,324986865000
1872,,와토스코리아,079000,47088000000
1873,,우리기술,032820,251715428895
1874,,우리기술투자,041190,821520000000
1875,,우리넷,115440,74374724160
1876,,우리로,046970,61214800940
1877,,우리바이오,082850,190942544195
1878,,우리산업,215360,202734018600
1879,,우리산업홀딩스,072470,136555475430
1880,,우리손에프앤지,073560,152669002815
1881,,우리이앤엘,153490,87516000000
1882,,우리조명,037400,76965520510
1883,,우림피티에스,101170,51975000000
1884,,우수AMS,066590,164911803000
1885,,우양,103840,65871960000
1886,,우원개발,046940,94528850500
1887,,우정바이오,215380,84287694220
1888,,우주일렉트로,065680,280145004000
1889,,우진비앤지,018620,60667515300
1890,,원바이오젠,307280,74731536400
1891,,원방테크,053080,204096969900
1892,,원익,032940,78958618200
1893,,원익IPS,240810,2071340622200
1894,,원익QnC,074600,758408800000
1895,,원익머트리얼즈,104830,426780800000
1896,,원익큐브,014190,132395648440
1897,,원익피앤이,131390,429007444500
1898,,원익홀딩스,030530,388507044430
1899,,원일특강,012620,58740000000
1900,,원준,382840,509047367400
1901,,원티드랩,376980,354141020400
1902,,원풍,008370,63120000000
1903,,원풍물산,008290,62871734055
1904,,월덱스,101160,474691048750
1905,,웨이브일렉트로,095270,77251680960
1906,,웰크론,065950,122806163700
1907,,웰크론한텍,076080,97526455010
1908,,웹스,196700,92505087360
1909,,웹젠,069080,902193086200
1910,,웹케시,053580,363956947200
1911,,위니아딤채,071460,142969997625
1912,,위닉스,044340,365511541250
1913,,위더스제약,330350,130699244020
1914,,위드텍,348350,199089380000
1915,,위메이드,112040,6714437002000
1916,,위메이드맥스,101730,631825400000
1917,,위세아이텍,065370,100282078500
1918,,위즈코프,038620,195387815660
1919,,위지윅스튜디오,299900,1752021061000
1920,,위지트,036090,146174843700
1921,,윈스,136540,195997191150
1922,,윈텍,320000,48837750720
1923,,윈팩,097800,88609945025
1924,,윈하이텍,192390,46037790720
1925,,윌링스,313760,100886500000
1926,,윙입푸드,900340,56608645040
1927,,유니셈,036200,429299122000
1928,,유니슨,018000,353037366700
1929,,유니온커뮤니티,203450,57982077650
1930,,유니크,011320,140075038750
1931,,유니테스트,086390,650931080800
1932,,유니테크노,241690,220351887650
1933,,유니트론텍,142210,76370454400
1934,,유라테크,048430,122688000000
1935,,유바이오로직스,206650,1195567131000
1936,,유비벨록스,089850,104956530750
1937,,유비케어,032620,411835426710
1938,,유비쿼스,264450,245384658700
1939,,유비쿼스홀딩스,078070,320647170200
1940,,유성티엔에스,024800,96963715800
1941,,유신,054930,55500000000
1942,,유아이디,069330,36189959130
1943,,유아이엘,049520,57839005080
1944,,유안타제4호스팩,313750,9462750000
1945,,유안타제5호스팩,336060,15032550000
1946,,유안타제7호스팩,367460,11990000000
1947,,유안타제8호스팩,367480,13758800000
1948,,유앤아이,056090,44111773620
1949,,유에스티,263770,104754760240
1950,,유일에너테크,340930,192145392000
1951,,유진기업,023410,387327423630
1952,,유진로봇,056080,117600596520
1953,,유진스팩6호,373340,6946000000
1954,,유진스팩7호,388800,10746450000
1955,,유진테크,084370,1175592954600
1956,,유테크,178780,60240302320
1957,,유티아이,179900,200155153250
1958,,유틸렉스,263050,336678777000
1959,,육일씨엔에쓰,191410,30383006390
1960,,율호,072770,100729705340
1961,,이건홀딩스,039020,129862076750
1962,,이글루시큐리티,067920,78732212040
1963,,이글벳,044960,101387901660
1964,,이노뎁,303530,217615960200
1965,,이노메트리,302430,142089855600
1966,,이노와이어리스,073490,313295796000
1967,,이노인스트루먼트,215790,83587534175
1968,,이노테라피,246960,62547881600
1969,,이녹스,088390,272109560400
1970,,이녹스첨단소재,272290,798433397700
1971,,이니텍,053350,109641674640
1972,,이더블유케이,258610,114618224500
1973,,이라이콤,041520,98363051100
1974,,이랜시스,264850,85105363520
1975,,이랜텍,054210,319933806500
1976,,이루다,164060,86356413000
1977,,이루온,065440,72551553200
1978,,이미지스,115610,19172820000
1979,,이베스트스팩5호,349720,7602000000
1980,,이베스트이안스팩1호,323210,6560000000
1981,,이베스트투자증권,078020,483795976800
1982,,이브이첨단소재,131400,76508618370
1983,,이삭엔지니어링,351330,111066168000
1984,,이상네트웍스,080010,67882950000
1985,,이수앱지스,086890,320876399560
1986,,이스트소프트,047560,194405317200
1987,,이스트아시아홀딩스,900110,27291070877
1988,,이씨에스,067010,79542180000
1989,,이엔드디,101360,322511968750
1990,,이엔에프테크놀로지,102710,445780483200
1991,,이엔코퍼레이션,066980,192322660905
1992,,이엘피,063760,71057490600
1993,,이엠넷,123570,134993032680
1994,,이엠앤아이,083470,38051513175
1995,,이엠코리아,095190,184588795395
1996,,이엠텍,091120,382899257600
1997,,이오테크닉스,039030,1373629825000
1998,,이오플로우,294090,585314008500
1999,,이원컴포텍,088290,186296790150
2000,,이즈미디어,181340,158778230000
2001,,이지바이오,353810,164462173200
2002,,이지케어텍,099750,234366200000
2003,,이지홀딩스,035810,265795047600
2004,,이큐셀,160600,42720312600
2005,,이크레더블,092130,241474180000
2006,,이트론,096040,227151257884
2007,,이퓨쳐,134060,39060157500
2008,,이화공영,001840,116655926400
2009,,이화전기,024810,132707160570
2010,,인바디,041830,329094957100
2011,,인바이오,352940,84442262100
2012,,인베니아,079950,57072000000
2013,,인산가,277410,70736745780
2014,,인선이엔티,060150,530825176800
2015,,인성정보,033230,128430369500
2016,,인지디스플레,037330,132313950360
2017,,인콘,083640,77036376525
2018,,인크로스,216050,379877035550
2019,,인탑스,049070,403340000000
2020,,인터로조,119610,353354755750
2021,,인터엠,017250,28727062455
2022,,인터파크,035080,461966337470
2023,,인터플렉스,051370,311421751200
2024,,인텍플러스,064290,316814151900
2025,,인텔리안테크,189300,686020074300
2026,,인트로메딕,150840,225198377800
2027,,인트론바이오,048530,764870823150
2028,,인포마크,175140,41964361760
2029,,인포바인,115310,83014958000
2030,,인포뱅크,039290,120411595300
2031,,인피니트헬스케어,071200,173702780960
2032,,인피니티엔티,016670,97551057352
2033,,인화정공,101930,102182169750
2034,,일승,333430,76663233765
2035,,일신바이오,068330,171116461800
2036,,일야,058450,21741900000
2037,,일지테크,019540,47026980000
2038,,일진파워,094820,267647084750
2039,,잉글우드랩,950140,149406352320
2040,,잉크테크,049550,145842556640
2041,,자비스,254120,53902787310
2042,,자안바이오,221610,19931117015
2043,,자연과환경,043910,104710391190
2044,,자이글,234920,45802130350
2045,,자이언트스텝,289220,1289044627500
2046,,장원테크,174880,67431321825
2047,,재영솔루텍,049630,81231174195
2048,,전진바이오팜,110020,32340981900
2049,,정다운,208140,92547349280
2050,,정산애강,022220,107732724320
2051,,정상제이엘에스,040420,126988171200
2052,,정원엔시스,045510,93245900340
2053,,제너셈,217190,80588709060
2054,,제넥신,095700,1561817836800
2055,,제넨바이오,072520,194549343990
2056,,제노레이,122310,137970441120
2057,,제노코,361390,337503748000
2058,,제노포커스,187420,193266495900
2059,,제놀루션,225220,137767392000
2060,,제닉,123330,43680000000
2061,,제로투세븐,159580,218355732400
2062,,제룡산업,147830,73200000000
2063,,제룡전기,033100,86415760420
2064,,제우스,079370,215468000000
2065,,제이브이엠,054950,173489950200
2066,,제이스텍,090470,95469664320
2067,,제이시스메디칼,287410,457742610240
2068,,제이씨케미칼,137950,193061947380
2069,,제이씨현시스템,033320,132654158080
2070,,제이앤티씨,204270,424029255780
2071,,제이에스티나,026040,63126996750
2072,,제이엔케이히터,126880,151528016590
2073,,제이엘케이,322510,90662714220
2074,,제이엠아이,033050,37303346590
2075,,제이엠티,094970,63308347200
2076,,제이웨이,058420,7799412240
2077,,제이티,089790,97687908110
2078,,제일바이오,052670,99184462920
2079,,제일전기공업,199820,214978500000
2080,,제일제강,023440,94004409600
2081,,제일테크노스,038010,92700000000
2082,,제주맥주,276730,154232608530
2083,,제주반도체,080220,213889992930
2084,,제테마,216080,405063865200
2085,,젠큐릭스,229000,109525630700
2086,,젬백스,082270,684781243600
2087,,젬백스링크,064800,144586613700
2088,,젬백스지오,041590,92970272625
2089,,조광ILI,044060,123273090100
2090,,조아제약,034940,114780259035
2091,,조이시티,067000,582084992000
2092,,좋은사람들,033340,52653176320
2093,,주성엔지니어링,036930,808174301000
2094,,줌인터넷,239340,141643078500
2095,,중앙디앤엠,051980,172112866950
2096,,중앙백신,072020,155874000000
2097,,중앙에너비스,000440,98388654000
2098,,지나인제약,078650,23557561020
2099,,지노믹트리,228760,241897392800
2100,,지놈앤컴퍼니,314130,508822574000
2101,,지니너스,389030,147279218250
2102,,지니뮤직,043610,342881084200
2103,,지니언스,263860,89723700000
2104,,지니틱스,303030,96513303600
2105,,지더블유바이텍,036180,67009213310
2106,,지란지교시큐리티,208350,52995731580
2107,,지스마트글로벌,114570,7030424280
2108,,지씨셀,144510,1502467686900
2109,,지아이텍,382480,203869985200
2110,,지앤비에스엔지니어링,382800,95289419400
2111,,지어소프트,051160,263070717750
2112,,지에스이,053050,78417566155
2113,,지엔씨에너지,119850,84053924990
2114,,지엔원에너지,270520,95811347560
2115,,지엔코,065060,73800057132
2116,,지엘팜텍,204840,47735896480
2117,,지오엘리먼트,311320,204382530000
2118,,지트리비앤티,115450,400902681200
2119,,지티지웰니스,219750,45782068500
2120,,진로발효,018120,206910000000
2121,,진매트릭스,109820,190680534000
2122,,진바이오텍,086060,45808322840
2123,,진성티이씨,036890,240560267600
2124,,진시스템,363250,76624650000
2125,,진양제약,007370,80640000000
2126,,차바이오텍,085660,1068950108000
2127,,차백신연구소,261780,274863284800
2128,,참존글로벌,158310,80373095040
2129,,참좋은여행,094850,180600000000
2130,,창해에탄올,004650,125915124500
2131,,천랩,311690,246027185400
2132,,천보,278280,3481000000000
2133,,청담러닝,096240,245276727600
2134,,체리부로,066360,63746428640
2135,,초록뱀미디어,047820,730589861280
2136,,초록뱀컴퍼니,052300,155886253530
2137,,칩스앤미디어,094360,160511244750
2138,,카스,016920,107032800060
2139,,카이노스메드,284620,282476566720
2140,,카카오게임즈,293490,7193038170600
2141,,카페24,042000,583808017700
2142,,캐리소프트,317530,99707832200
2143,,캐스텍코리아,071850,58323541760
2144,,캔서롭,180400,222082929900
2145,,캠시스,050110,137312859480
2146,,컬러레이,900310,84780000000
2147,,컴투스,078340,1976282112000
2148,,컴퍼니케이,307930,128314200000
2149,,케어랩스,263700,162880502400
2150,,케어젠,214370,721929600000
2151,,케이디켐,221980,70609000000
2152,,케이비제18호스팩,323940,15995990000
2153,,케이비제19호스팩,330990,8946080000
2154,,케이비제20호스팩,342550,13652100000
2155,,케이사인,192250,184451980770
2156,,케이씨에스,115500,84240000000
2157,,케이씨티,089150,107702000000
2158,,케이씨피드,025880,47640195300
2159,,케이아이엔엑스,093320,284504000000
2160,,케이에스피,073010,69127210870
2161,,케이엔더블유,105330,168075040700
2162,,케이엔제이,272110,120341400400
2163,,케이엘넷,039420,100725224100
2164,,케이엠,083550,88191934800
2165,,케이엠더블유,032500,1658539776950
2166,,케이엠제약,225430,62466992000
2167,,케이티알파,036030,384311178720
2168,,케이프,064820,153118062240
2169,,케이프이에스제4호,347140,6348990000
2170,,케이피에스,256940,237260684800
2171,,케이피에프,024880,85047600000
2172,,케이피엠테크,042040,176998440735
2173,,케이피티유,054410,32890000000
2174,,켄코아에어로스페이스,274090,154371552800
2175,,켐온,217600,190945406600
2176,,켐트로닉스,089010,395226976200
2177,,켐트로스,220260,359865059850
2178,,코나아이,052400,462105804600
2179,,코다코,046070,53908673280
2180,,코데즈컴바인,047770,100850534330
2181,,코드네이처,078940,84537514705
2182,,코디,080530,45548989780
2183,,코디엠,224060,61596019800
2184,,코렌텍,104540,147279789900
2185,,코리아나,027050,160400000000
2186,,코리아센터,290510,546358567290
2187,,코리아에셋투자증권,190650,70587400000
2188,,코리아에스이,101670,29106000000
2189,,코리아에프티,123410,95077233560
2190,,코맥스,036690,82551587400
2191,,코메론,049430,100885200000
2192,,코미코,183300,756543748500
2193,,코미팜,041960,526966041960
2194,,코세스,089890,216433754100
2195,,코센,009730,26398999325
2196,,코스나인,082660,61858638570
2197,,코스맥스엔비티,222040,128099880000
2198,,코스메카코리아,241710,149520000000
2199,,코스온,069110,62963935800
2200,,코아스템,166480,288000007350
2201,,코아시아,045970,256306892240
2202,,코아시아옵틱스,196450,98133649880
2203,,코엔텍,029960,443000000000
2204,,코오롱생명과학,102940,380031454800
2205,,코오롱티슈진,950160,489551575500
2206,,코웰패션,033290,701806855620
2207,,코위버,056360,78472368000
2208,,코윈테크,282880,283777687600
2209,,코이즈,121850,38670688630
2210,,코콤,015710,125868990000
2211,,코텍,052330,165090251200
2212,,코퍼스코리아,322780,118172502570
2213,,코프라,126600,259722298200
2214,,콜마비앤에이치,200130,1004480972000
2215,,쿠콘,294570,624357588300
2216,,퀀타매트릭스,317690,165087236400
2217,,큐라클,365270,338215903200
2218,,큐렉소,060280,213330720460
2219,,큐로컴,040350,158726574720
2220,,큐로홀딩스,051780,74653470000
2221,,큐리언트,115180,269168898600
2222,,큐브엔터,182360,345807409350
2223,,큐에스아이,066310,147017831400
2224,,큐캐피탈,016600,102986856621
2225,,크로바하이텍,043590,76427772855
2226,,크루셜텍,114120,28402581825
2227,,크리스에프앤씨,110790,570543876000
2228,,크리스탈신소재,900250,106081728380
2229,,크리스탈지노믹스,083790,487495261440
2230,,크린앤사이언스,045520,139750000000
2231,,클라우드에어,036170,88531022940
2232,,클래시스,214150,1171375238400
2233,,클리노믹스,352770,157600649700
2234,,클리오,237880,355183670050
2235,,키네마스터,139670,299373384700
2236,,키이스트,054780,245634372900
2237,,타이거일렉,219130,93451492000
2238,,탑엔지니어링,065130,124774567170
2239,,태광,023160,298125000000
2240,,태양,053620,78088000000
2241,,태웅,044490,250092262500
2242,,태웅로직스,124560,146525940000
2243,,테고사이언스,191420,173934489300
2244,,테라사이언스,073640,150744344160
2245,,테라셈,182690,30474933120
2246,,테라젠이텍스,066700,195820843050
2247,,테스,095610,567348086200
2248,,테스나,131970,701079907500
2249,,테크윙,089030,421697004000
2250,,텔레칩스,054450,218120462650
2251,,텔레필드,091440,26885313750
2252,,텔콘RF제약,200230,255526315040
2253,,토박스코리아,215480,69708444050
2254,,토비스,051360,138250069660
2255,,토탈소프트,045340,78733968000
2256,,톱텍,108230,308748749400
2257,,투비소프트,079970,85159349640
2258,,트루윈,105550,166640533700
2259,,트윔,290090,261176184000
2260,,특수건설,026150,168688401100
2261,,티라유텍,322180,59855437500
2262,,티로보틱스,117730,110962237380
2263,,티비씨,033830,111000000000
2264,,티사이언티픽,057680,172505476390
2265,,티씨케이,064760,1569120000000
2266,,티앤알바이오팹,246710,579039552000
2267,,티앤엘,340570,346659200000
2268,,티에스아이,277880,202023107000
2269,,티에스이,131290,663685740000
2270,,티엘비,356860,194194442500
2271,,티엘아이,062860,65554860800
2272,,티움바이오,321550,456189882900
2273,,티케이케미칼,104480,455386124340
2274,,티플랙스,081150,106902310810
2275,,티피씨글로벌,130740,40539661005
2276,,팅크웨어,084730,199651810300
2277,,파나진,046210,120833841600
2278,,파라다이스,034230,1373234347200
2279,,파라텍,033540,130100664945
2280,,파루,043200,44312573900
2281,,파마리서치,214450,785696961000
2282,,파멥신,208340,173845381220
2283,,파버나인,177830,61267407760
2284,,파세코,037070,309400000000
2285,,파수,150900,126029950900
2286,,파워넷,037030,102723051420
2287,,파워로직스,047310,273646806900
2288,,파이오링크,170790,123756756500
2289,,파인디앤씨,049120,61603265455
2290,,파인디지털,038950,66267864850
2291,,파인테크닉스,106240,492596822100
2292,,파인텍,131760,67395065010
2293,,파커스,065690,40672813245
2294,,파크시스템스,140860,953716643000
2295,,파트론,091700,617383074000
2296,,판타지오,032800,69208526620
2297,,팜스빌,318010,80879247600
2298,,팜스토리,027710,271299421000
2299,,패션플랫폼,225590,49544286180
2300,,팬스타엔터프라이즈,054300,54064643250
2301,,팬엔터테인먼트,068050,148501501900
2302,,팬젠,222110,89314010100
2303,,펄어비스,263750,8721371550000
2304,,펌텍코리아,251970,232500000000
2305,,펩트론,087010,208331215300
2306,,포메탈,119500,48277470400
2307,,포스코 ICT,022100,979103654760
2308,,포스코엠텍,009520,313153126560
2309,,포시에스,189690,63144106480
2310,,포인트모바일,318020,219057305600
2311,,포인트엔지니어링,256630,184811748260
2312,,포커스에이치엔에스,331380,49299928860
2313,,포티스,141020,18839533608
2314,,폴라리스오피스,041020,110827668400
2315,,폴라리스우노,114630,67869825000
2316,,폴라리스웍스,123010,98362372050
2317,,푸드나무,290720,216772182900
2318,,푸드웰,005670,66000000000
2319,,푸른기술,094940,83028562980
2320,,푸른저축은행,007330,199847100000
2321,,풍강,093380,45642426060
2322,,풍국주정,023900,205380000000
2323,,퓨쳐켐,220100,243580582350
2324,,프럼파스트,035200,77163578700
2325,,프레스티지바이오로직스,334970,528711556800
2326,,프로스테믹스,203690,125831607000
2327,,프로이천,321260,76083137300
2328,,프로텍,053610,278300000000
2329,,프롬바이오,377220,163490250000
2330,,프리시젼바이오,335810,124707660000
2331,,프리엠스,053160,83400000000
2332,,플래티어,367000,219974206200
2333,,플랜티넷,075130,86553600000
2334,,플레이디,237820,90816151200
2335,,플레이위드,023770,97044348350
2336,,플리토,300080,159941197700
2337,,피델릭스,032580,48372813440
2338,,피씨디렉트,051380,112344052400
2339,,피씨엘,241820,422585686550
2340,,피앤씨테크,237750,48399670000
2341,,피에스엠씨,024850,47471142420
2342,,피에스케이,319660,701338450000
2343,,피에스케이홀딩스,031980,278154895500
2344,,피에스텍,002230,99723062010
2345,,피에이치씨,057880,119401411875
2346,,피에이치에이,043370,219450000000
2347,,피엔에이치테크,239890,186285660000
2348,,피엔케이피부임상연구센타,347740,142550236000
2349,,피엔티,137400,1057465707000
2350,,피제이메탈,128660,142123304370
2351,,피제이전자,006140,118950000000
2352,,피코그램,376180,48219853500
2353,,피플바이오,304840,177107805000
2354,,피피아이,062970,35789971325
2355,,픽셀플러스,087600,82482235800
2356,,필옵틱스,161580,233893106500
2357,,핌스,347770,205663014750
2358,,핑거,163730,184780280000
2359,,하나금융14호스팩,332710,9305100000
2360,,하나금융15호스팩,341160,10079400000
2361,,하나금융16호스팩,343510,8721750000
2362,,하나금융17호스팩,363260,19136100000
2363,,하나금융19호스팩,388220,13251000000
2364,,하나기술,299030,408035082000
2365,,하나마이크론,067310,740889192800
2366,,하나머스트7호스팩,372290,9253600000
2367,,하나머티리얼즈,166090,1231630857600
2368,,하림,136480,297918214110
2369,,하림지주,003380,937269473000
2370,,하이로닉,149980,90944967750
2371,,하이록코리아,013030,232786267200
2372,,하이비젼시스템,126700,282405916800
2373,,하이소닉,106080,76719035000
2374,,하이제5호스팩,340120,11546000000
2375,,하이제6호스팩,377400,11382787500
2376,,하이즈항공,221840,90781336710
2377,,하이텍팜,106190,94989678800
2378,,하츠,066130,123392000000
2379,,한국9호스팩,368770,14862900000
2380,,한국가구,004590,103200000000
2381,,한국경제TV,039340,168360000000
2382,,한국기업평가,034950,369597839600
2383,,한국맥널티,222980,79537702250
2384,,한국바이오젠,318000,76453313750
2385,,한국비엔씨,256840,958488429600
2386,,한국선재,025550,113047590940
2387,,한국알콜,017890,271152288000
2388,,한국유니온제약,080720,77851720800
2389,,한국전자금융,063570,185080685760
2390,,한국전자인증,041460,160550000000
2391,,한국정밀기계,101680,12101760000
2392,,한국정보공학,039740,40011801030
2393,,한국정보인증,053300,268204045020
2394,,한국정보통신,025770,354971689080
2395,,한국제8호스팩,310870,10926900000
2396,,한국캐피탈,023760,282786180096
2397,,한국컴퓨터,054040,73767221100
2398,,한국코퍼레이션,050540,14434336380
2399,,한국큐빅,021650,70879690605
2400,,한국테크놀로지,053590,129535923990
2401,,한국파마,032300,520249637700
2402,,한국팩키지,037230,111625000000
2403,,한글과컴퓨터,030520,792660453500
2404,,한네트,052600,83721188000
2405,,한독크린텍,256150,96939150000
2406,,한라IMS,092460,91434653730
2407,,한빛소프트,047080,141988460280
2408,,한솔인티큐브,070590,40111815690
2409,,한송네오텍,226440,89128911720
2410,,한스바이오메드,042520,121235772000
2411,,한양디지텍,078350,225616853600
2412,,한양이엔지,045100,289800000000
2413,,한일네트웍스,046110,86787688020
2414,,한일단조,024740,74728320000
2415,,한일사료,005860,79398425275
2416,,한일진공,123840,54422654015
2417,,한일화학,007770,60021000000
2418,,한주케미칼앤홀딩스,043090,68309210880
2419,,한창산업,079170,42640000000
2420,,한컴MDS,086960,231391099200
2421,,한컴위드,054920,270601806790
2422,,한탑,002680,37740433980
2423,,한프,066110,86834027360
2424,,한화에스비아이스팩,317320,8872600000
2425,,한화플러스제1호스팩,340440,13918050000
2426,,한화플러스제2호스팩,386580,10940800000
2427,,해성산업,034810,380848506100
2428,,해성옵틱스,076610,95903205075
2429,,해성티피씨,059270,67639000000
2430,,핸디소프트,220180,75400080000
2431,,헝셩그룹,900270,36720000000
2432,,헬릭스미스,084990,770978565000
2433,,현대공업,170030,112442200000
2434,,현대무벡스,319400,318985553340
2435,,현대바이오,048410,768608167400
2436,,현대바이오랜드,052260,271500000000
2437,,현대사료,016790,92872338600
2438,,현대에버다임,041440,100329286400
2439,,현대에이치티,039010,76245000000
2440,,현대이지웰,090850,249336790500
2441,,현우산업,092300,82580256230
2442,,현진소재,053660,21280401200
2443,,협진,138360,155061688320
2444,,형지I&C,011080,52200595120
2445,,홈센타홀딩스,060560,159586906250
2446,,홈캐스트,064240,119141121600
2447,,화성밸브,039610,61004944000
2448,,화신정공,126640,72020296260
2449,,화일약품,061250,180820438515
2450,,효성오앤비,097870,72674400000
2451,,휘닉스소재,050090,69958824728
2452,,휴네시온,290270,61200870640
2453,,휴럼,353190,66139362300
2454,,휴림로봇,090710,93134980901
2455,,휴마시스,205470,573248901250
2456,,휴맥스,115160,206903721220
2457,,휴맥스홀딩스,028080,53768838150
2458,,휴먼엔,032860,80982697005
2459,,휴메딕스,200670,238311536600
2460,,휴비츠,065510,113006103210
2461,,휴센텍,215090,154165313280
2462,,휴온스,243070,528322994150
2463,,휴온스글로벌,084110,483016103350
2464,,휴온스블러썸,263920,223400585370
2465,,휴젤,145020,1825373521000
2466,,흥구석유,024060,106050000000
2467,,흥국,010240,94022170480
2468,,흥국에프엔비,189980,124182355845
2469,,희림,037440,99824145750
2470,,힘스,238490,108144976160
