id,ticker,name,marketCap
0,005930,삼성전자,4465397
1,000660,SK하이닉스,869962
2,035420,NAVER,648840
3,005935,삼성전자우,563677
4,207940,삼성바이오로직스,561740
5,035720,카카오,554894
6,051910,LG화학,527324
7,006400,삼성SDI,501981
8,005380,현대차,452976
9,000270,기아,338073
10,323410,카카오뱅크,307389
11,068270,셀트리온,291068
12,259960,크래프톤,249188
13,005490,POSCO,244559
14,105560,KB금융,239505
15,377300,카카오페이,238571
16,012330,현대모비스,230347
17,017670,SK텔레콤,223026
18,028260,삼성물산,214920
19,066570,LG전자,210287
20,096770,SK이노베이션,202499
21,055550,신한지주,195016
22,302440,SK바이오사이언스,190102
23,034730,SK,183288
24,051900,LG생활건강,181639
25,036570,엔씨소프트,155873
26,352820,하이브,150736
27,015760,한국전력,143157
28,003550,LG,136065
29,009150,삼성전기,132581
30,032830,삼성생명,132000
31,091990,셀트리온헬스케어,131464
32,086790,하나금융지주,130455
33,034020,두산중공업,124668
34,011200,HMM,122259
35,018260,삼성에스디에스,119935
36,247540,에코프로비엠,119855
37,003670,포스코케미칼,118131
38,033780,KT&G,116286
39,361610,SK아이이테크놀로지,113719
40,251270,넷마블,104863
41,000810,삼성화재,102803
42,090430,아모레퍼시픽,101777
43,010950,S-Oil,100423
44,329180,현대중공업,99869
45,003490,대한항공,99650
46,316140,우리금융지주,98288
47,010130,고려아연,94727
48,263750,펄어비스,87213
49,024110,기업은행,84105
50,066970,엘앤에프,83857
51,030200,KT,80683
52,034220,LG디스플레이,79613
53,326030,SK바이오팜,77921
54,011790,SKC,74221
55,011170,롯데케미칼,72149
56,293490,카카오게임즈,71930
57,018880,한온시스템,71796
58,011070,LG이노텍,68871
59,383220,F&F,68416
60,009540,한국조선해양,68083
61,009830,한화솔루션,67616
62,112040,위메이드,67144
63,032640,LG유플러스,60907
64,020150,일진머티리얼즈,60635
65,086280,현대글로비스,59812
66,006800,미래에셋증권,58322
67,097950,CJ제일제당,57657
68,088980,맥쿼리인프라,57488
69,021240,코웨이,54759
70,004020,현대제철,54712
71,000720,현대건설,53562
72,137310,에스디바이오센서,53288
73,035250,강원랜드,52843
74,161390,한국타이어앤테크놀로지,50417
75,011780,금호석유,49052
76,010140,삼성중공업,48928
77,138040,메리츠금융지주,48646
78,071050,한국금융지주,46586
79,028050,삼성엔지니어링,45864
80,267250,현대중공업지주,45263
81,068760,셀트리온제약,44628
82,139480,이마트,44461
83,036490,SK머티리얼즈,43245
84,016360,삼성증권,41971
85,271560,오리온,41908
86,000100,유한양행,41773
87,028300,에이치엘비,41151
88,005830,DB손해보험,39577
89,029780,삼성카드,39507
90,003410,쌍용C&E,39049
91,005940,NH투자증권,38911
92,241560,두산밥캣,38194
93,002790,아모레G,38095
94,078930,GS,37630
95,000060,메리츠화재,37092
96,005387,현대차2우B,36667
97,008930,한미사이언스,36613
98,180640,한진칼,36239
99,014680,한솔케미칼,35932
100,052690,한전기술,35735
101,026960,동서,35493
102,036460,한국가스공사,35309
103,035760,CJ ENM,35284
104,008560,메리츠증권,35177
105,278280,천보,34810
106,006360,GS건설,33804
107,004990,롯데지주,33675
108,007070,GS리테일,33614
109,336260,두산퓨얼셀,33205
110,086520,에코프로,33134
111,096530,씨젠,32745
112,128940,한미약품,32430
113,000990,DB하이텍,32410
114,336370,솔루스첨단소재,31660
115,307950,현대오토에버,31263
116,058470,리노공업,31048
117,008770,호텔신라,30849
118,000120,CJ대한통운,30796
119,047810,한국항공우주,29924
120,196170,알테오젠,29880
121,010620,현대미포조선,29876
122,272210,한화시스템,29849
123,028670,팬오션,29615
124,012750,에스원,29373
125,298050,효성첨단소재,29343
126,088350,한화생명,28965
127,138930,BNK금융지주,28682
128,204320,만도,28315
129,051915,LG화학우,27948
130,010060,OCI,27784
131,030000,제일기획,27782
132,039490,키움증권,27530
133,253450,스튜디오드래곤,27492
134,023530,롯데쇼핑,27355
135,002380,KCC,27103
136,282330,BGF리테일,26530
137,006280,녹십자,26470
138,001040,CJ,26434
139,042660,대우조선해양,26178
140,285130,SK케미칼,25814
141,112610,씨에스윈드,25471
142,047050,포스코인터내셔널,24736
143,047040,대우건설,24729
144,000880,한화,24399
145,067160,아프리카TV,24207
146,005385,현대차우,23893
147,012510,더존비즈온,23303
148,271940,일진하이솔루스,23276
149,375500,DL이앤씨,23230
150,298020,효성티앤씨,22979
151,001450,현대해상,22975
152,000080,하이트진로,22933
153,064350,현대로템,22919
154,093370,후성,22873
155,081660,휠라홀딩스,22599
156,004170,신세계,22545
157,012450,한화에어로스페이스,22226
158,009240,한샘,21980
159,120110,코오롱인더,21767
160,357780,솔브레인,21297
161,025900,동화기업,21292
162,011210,현대위아,21076
163,004000,롯데정밀화학,21027
164,000150,두산,20985
165,240810,원익IPS,20713
166,004800,효성,20502
167,005290,동진쎄미켐,19768
168,078340,컴투스,19762
169,019170,신풍제약,19313
170,051600,한전KPS,18765
171,111770,영원무역,18632
172,237690,에스티팜,18488
173,145020,휴젤,18253
174,108320,LX세미콘,18085
175,078600,대주전자재료,18081
176,017800,현대엘리베이,18060
177,035900,JYP Ent.,17961
178,181710,NHN,17901
179,004370,농심,17791
180,069960,현대백화점,17715
181,006260,LS,17677
182,042700,한미반도체,17657
183,041510,에스엠,17628
184,003090,대웅,17617
185,299900,위지윅스튜디오,17520
186,010120,LS ELECTRIC,17310
187,348370,엔켐,17268
188,007310,오뚜기,16946
189,175330,JB금융지주,16881
190,140410,메지온,16750
191,381970,케이카,16686
192,195940,HK이노엔,16677
193,032500,케이엠더블유,16585
194,007700,F&F홀딩스,16447
195,048260,오스템임플란트,16442
196,139130,DGB금융지주,16407
197,001440,대한전선,16358
198,005850,에스엘,16340
199,014820,동원시스템즈,16257
200,376300,디어유,16120
201,178920,PI첨단소재,16034
202,069620,대웅제약,15699
203,064760,티씨케이,15691
204,095700,제넥신,15618
205,294870,HDC현대산업개발,15389
206,000240,한국앤컴퍼니,15189
207,001230,동국제강,15173
208,300720,한일시멘트,15168
209,950210,프레스티지바이오파마,15084
210,144510,지씨셀,15024
211,213420,덕산네오룩스,14862
212,020560,아시아나항공,14696
213,009900,명신산업,14639
214,089860,롯데렌탈,14598
215,005070,코스모신소재,14441
216,060250,NHN한국사이버결제,14089
217,330590,롯데리츠,13824
218,383310,에코프로에이치엔,13805
219,039030,이오테크닉스,13736
220,034230,파라다이스,13732
221,098460,고영,13662
222,010780,아이에스동서,13500
223,051905,LG생활건강우,13480
224,013890,지누스,13446
225,056190,에스에프에이,13178
226,005300,롯데칠성,13036
227,222800,심텍,12948
228,289220,자이언트스텝,12890
229,000210,DL,12804
230,185750,종근당,12797
231,001740,SK네트웍스,12756
232,194480,데브시스터즈,12750
233,079550,LIG넥스원,12738
234,073240,금호타이어,12452
235,215600,신라젠,12446
236,032350,롯데관광개발,12434
237,067630,에이치엘비생명과학,12367
238,248070,솔루엠,12351
239,166090,하나머티리얼즈,12316
240,005250,녹십자홀딩스,12297
241,064550,바이오니아,12117
242,082640,동양생명,12085
243,206650,유바이오로직스,11955
244,000670,영풍,11917
245,003690,코리안리,11880
246,141080,레고켐바이오,11802
247,235980,메드팩토,11772
248,084370,유진테크,11755
249,214150,클래시스,11713
250,006650,대한유화,11700
251,214320,이노션,11680
252,003530,한화투자증권,11649
253,122870,와이지엔터테인먼트,11562
254,036540,SFA반도체,11545
255,030190,NICE평가정보,11535
256,011000,진원생명과학,11483
257,192820,코스맥스,11406
258,004490,세방전지,11396
259,121800,비덴트,11190
260,018670,SK가스,11122
261,192080,더블유게임즈,10951
262,016380,KG동부제철,10850
263,066575,LG전자우,10844
264,268280,미원에스씨,10786
265,031430,신세계인터내셔날,10781
266,007390,네이처셀,10771
267,085660,차바이오텍,10689
268,023590,다우기술,10655
269,215000,골프존,10649
270,353200,대덕전자,10624
271,009420,한올바이오파마,10578
272,137400,피엔티,10574
273,003240,태광산업,10555
274,000250,삼천당제약,10393
275,241590,화승엔터프라이즈,10387
276,036420,제이콘텐트리,10249
277,003540,대신증권,10205
278,084850,아이티엠반도체,10174
279,002840,미원상사,10113
280,001120,LX인터내셔널,10077
281,200130,콜마비앤에이치,10044
282,039130,하나투어,10008
283,363280,티와이홀딩스,10002
284,950220,네오이뮨텍(Reg.S),9951
285,079160,CJ CGV,9901
286,001800,오리온홀딩스,9897
287,089980,상아프론테크,9881
288,063080,게임빌,9833
289,022100,포스코 ICT,9791
290,298380,에이비엘바이오,9778
291,068240,다원시스,9769
292,151910,나노스,9705
293,064260,다날,9652
294,069260,휴켐스,9606
295,256840,한국비엔씨,9584
296,272450,진에어,9578
297,140860,파크시스템스,9537
298,395400,SK리츠,9533
299,003850,보령제약,9479
300,014830,유니드,9467
301,222080,씨아이에스,9461
302,089590,제주항공,9454
303,365550,ESR켄달스퀘어리츠,9426
304,003380,하림지주,9372
305,161890,한국콜마,9369
306,020000,한섬,9273
307,015350,부산가스,9251
308,206560,덱스터,9131
309,003000,부광약품,9131
310,344820,KCC글라스,9119
311,086450,동국제약,9114
312,105630,한세실업,9060
313,006120,SK디스커버리,9042
314,069080,웹젠,9021
315,025980,아난티,8991
316,218410,RFHIC,8953
317,284740,쿠쿠홈시스,8952
318,086900,메디톡스,8950
319,039200,오스코텍,8941
320,215200,메가스터디교육,8931
321,348950,제이알글로벌리츠,8925
322,046890,서울반도체,8920
323,103140,풍산,8869
324,009450,경동나비엔,8784
325,267260,현대일렉트릭,8741
326,000070,삼양홀딩스,8649
327,005440,현대그린푸드,8637
328,010050,우리종금,8610
329,097520,엠씨넥스,8606
330,323990,박셀바이오,8600
331,293780,압타바이오,8556
332,003470,유안타증권,8542
333,298000,효성화학,8453
334,217270,넵튠,8351
335,178320,서진시스템,8295
336,036830,솔브레인홀딩스,8280
337,005880,대한해운,8234
338,114090,GKL,8226
339,041190,우리기술투자,8215
340,001680,대상,8159
341,195870,해성디에스,8143
342,034120,SBS,8140
343,033640,네패스,8093
344,036930,주성엔지니어링,8081
345,003520,영진약품,8010
346,272290,이녹스첨단소재,7984
347,268600,셀리버리,7982
348,006040,동원산업,7980
349,017390,서울가스,7950
350,030520,한글과컴퓨터,7926
351,214450,파마리서치,7856
352,057050,현대홈쇼핑,7824
353,267270,현대건설기계,7821
354,033270,유나이티드제약,7765
355,025540,한국단자,7759
356,084990,헬릭스미스,7709
357,048410,현대바이오,7686
358,280360,롯데제과,7667
359,003580,넥스트사이언스,7655
360,048530,인트론바이오,7648
361,101490,에스앤에스텍,7636
362,290650,엘앤씨바이오,7622
363,074600,원익QnC,7584
364,183300,코미코,7565
365,049770,동원F&B,7467
366,085620,미래에셋생명,7461
367,005690,파미셀,7434
368,067310,하나마이크론,7408
369,001530,DI동일,7381
370,100090,삼강엠앤티,7369
371,102460,이연제약,7352
372,047820,초록뱀미디어,7305
373,090435,아모레퍼시픽우,7284
374,182400,엔케이맥스,7276
375,001430,세아베스틸,7262
376,214370,케어젠,7219
377,026890,디피씨,7210
378,383800,LX홀딩스,7147
379,016710,대성홀딩스,7119
380,053800,안랩,7099
381,000640,동아쏘시오홀딩스,7045
382,033290,코웰패션,7018
383,319660,피에스케이,7013
384,131970,테스나,7010
385,00680K,미래에셋증권2우B,6909
386,088800,에이스테크,6908
387,005090,SGC에너지,6898
388,064960,SNT모티브,6887
389,189300,인텔리안테크,6860
390,082270,젬백스,6847
391,192650,드림텍,6828
392,090460,비에이치,6805
393,097230,한진중공업,6786
394,009970,영원무역홀딩스,6776
395,003280,흥아해운,6743
396,192400,쿠쿠홀딩스,6703
397,002350,넥센타이어,6700
398,121600,나노신소재,6660
399,131290,티에스이,6636
400,145990,삼양사,6549
401,210980,SK디앤디,6512
402,086390,유니테스트,6509
403,145720,덴티움,6508
404,017810,풀무원,6442
405,094480,갤럭시아머니트리,6414
406,042670,현대두산인프라코어,6413
407,034310,NICE,6402
408,007340,디티알오토모티브,6386
409,291230,엔피,6359
410,034830,한국토지신탁,6337
411,101730,위메이드맥스,6318
412,294570,쿠콘,6243
413,001820,삼화콘덴서,6237
414,005610,SPC삼립,6178
415,091700,파트론,6173
416,286940,롯데정보통신,6158
417,298040,효성중공업,6126
418,012630,HDC,6123
419,071840,롯데하이마트,6114
420,230360,에코마케팅,6104
421,377030,맥스트,6082
422,317330,덕산테코피아,6073
423,001880,DL건설,6064
424,006390,한일현대시멘트,6061
425,003230,삼양식품,6041
426,170900,동아에스티,6029
427,003070,코오롱글로벌,6025
428,060720,KH바텍,5966
429,095660,네오위즈,5949
430,151860,KG ETS,5904
431,092040,아미코젠,5895
432,294090,이오플로우,5853
433,042000,카페24,5838
434,067000,조이시티,5820
435,006405,삼성SDI우,5816
436,042420,네오위즈홀딩스,5801
437,330860,네패스아크,5793
438,246710,티앤알바이오팹,5790
439,030610,교보증권,5780
440,205470,휴마시스,5732
441,110790,크리스에프앤씨,5705
442,008730,율촌화학,5704
443,000815,삼성화재우,5697
444,025860,남해화학,5688
445,095610,테스,5673
446,061970,엘비세미콘,5670
447,115390,락앤락,5645
448,032190,다우데이타,5630
449,161000,애경케미칼,5594
450,001720,신영증권,5575
451,063170,서울옥션,5574
452,027410,BGF,5542
453,108670,LX하우시스,5533
454,007570,일양약품,5525
455,037270,YG PLUS,5524
456,950130,엑세스바이오,5519
457,020120,키다리스튜디오,5493
458,000400,롯데손해보험,5492
459,039840,디오,5481
460,267980,매일유업,5467
461,290510,코리아센터,5463
462,005180,빙그레,5447
463,123890,한국자산신탁,5436
464,093050,LF,5424
465,007690,국도화학,5415
466,018250,애경산업,5414
467,065660,안트로젠,5408
468,226950,올릭스,5385
469,041140,넥슨지티,5376
470,036810,에프에스티,5373
471,126560,현대퓨처넷,5350
472,043150,바텍,5347
473,006730,서부T&D,5345
474,060150,인선이엔티,5308
475,334970,프레스티지바이오로직스,5287
476,243070,휴온스,5283
477,041960,코미팜,5269
478,078130,국일제지,5257
479,307750,국전약품,5250
480,138490,코오롱플라스틱,5225
481,032300,한국파마,5202
482,068400,SK렌터카,5201
483,281820,케이씨텍,5194
484,038500,삼표시멘트,5147
485,139990,아주스틸,5131
486,299660,셀리드,5108
487,382840,원준,5090
488,314130,지놈앤컴퍼니,5088
489,092220,KEC,5083
490,348210,넥스틴,5083
491,060980,한라홀딩스,5068
492,007810,코리아써키트,5054
493,027360,아주IB투자,5044
494,001060,JW중외제약,5029
495,092190,서울바이오시스,5026
496,232140,와이아이케이,4988
497,347860,알체라,4973
498,106240,파인테크닉스,4925
499,058820,CMG제약,4923
500,263720,디앤씨미디어,4922
501,081000,일진다이아,4907
502,950160,코오롱티슈진,4895
503,008490,서흥,4887
504,083790,크리스탈지노믹스,4874
505,035600,KG이니시스,4869
506,357120,코람코에너지리츠,4866
507,078020,이베스트투자증권,4837
508,084110,휴온스글로벌,4830
509,053030,바이넥스,4811
510,183190,아세아시멘트,4811
511,298540,더네이쳐홀딩스,4792
512,243840,신흥에스이씨,4774
513,225570,넷게임즈,4774
514,015750,성우하이텍,4768
515,001510,SK증권,4749
516,037560,LG헬로비전,4747
517,101160,월덱스,4746
518,003545,대신증권우,4719
519,000370,한화손해보험,4710
520,013120,동원개발,4685
521,002310,아세아제지,4675
522,031330,에스에이엠티,4669
523,138250,엔에스쇼핑,4666
524,003800,에이스침대,4657
525,095340,ISC,4649
526,298690,에어부산,4634
527,002320,한진,4633
528,002240,고려제강,4623
529,183490,엔지켐생명과학,4623
530,052400,코나아이,4621
531,035080,인터파크,4619
532,080580,오킨스전자,4614
533,005420,코스모화학,4610
534,094800,맵스리얼티1,4590
535,220630,맘스터치,4586
536,004430,송원산업,4584
537,287410,제이시스메디칼,4577
538,143240,사람인에이치알,4576
539,001390,KG케미칼,4575
540,017960,한국카본,4571
541,321550,티움바이오,4561
542,104480,티케이케미칼,4553
543,005390,신성통상,4526
544,009160,SIMPAC,4514
545,271980,제일약품,4514
546,053210,스카이라이프,4504
547,130660,한전산업,4498
548,003030,세아제강지주,4493
549,033160,엠케이전자,4492
550,104460,디와이피엔에프,4478
551,071320,지역난방공사,4469
552,059090,미코,4458
553,102710,이엔에프테크놀로지,4457
554,038540,상상인,4448
555,050890,쏠리드,4436
556,029960,코엔텍,4430
557,005950,이수화학,4417
558,214330,금호에이치티,4404
559,016800,퍼시스,4387
560,058650,세아홀딩스,4380
561,226320,잇츠한불,4374
562,011930,신성이엔지,4366
563,033310,엠투엔,4336
564,339770,교촌에프앤비,4321
565,036200,유니셈,4292
566,131390,원익피앤이,4290
567,099320,쎄트렉아이,4283
568,121440,골프존뉴딘홀딩스,4270
569,104830,원익머트리얼즈,4267
570,002270,롯데푸드,4267
571,065350,신성델타테크,4260
572,214260,라파스,4249
573,089970,에이피티씨,4242
574,204270,제이앤티씨,4240
575,131370,알서포트,4240
576,055490,테이팩스,4236
577,001725,신영증권우,4232
578,002990,금호건설,4231
579,241820,피씨엘,4225
580,089030,테크윙,4216
581,048550,SM C&C,4216
582,293940,신한알파리츠,4196
583,080160,모두투어,4195
584,230240,에치에프알,4173
585,002020,코오롱,4160
586,003620,쌍용차,4150
587,160550,NEW,4144
588,122450,KMH,4134
589,045390,대아티아이,4126
590,001500,현대차증권,4122
591,032620,유비케어,4118
592,950180,SNK,4107
593,285490,노바텍,4093
594,009410,태영건설,4084
595,006490,인스코비,4080
596,299030,하나기술,4080
597,175250,아이큐어,4072
598,216080,제테마,4050
599,099190,아이센스,4045
600,071055,한국금융지주우,4042
601,085370,루트로닉,4034
602,049070,인탑스,4033
603,115450,지트리비앤티,4009
604,100790,미래에셋벤처투자,3991
605,084010,대한제강,3968
606,089010,켐트로닉스,3952
607,033180,KH 필룩스,3951
608,042600,새로닉스,3950
609,024720,한국콜마홀딩스,3938
610,035890,서희건설,3929
611,185490,아이진,3917
612,030530,원익홀딩스,3885
613,001630,종근당홀딩스,3877
614,023410,유진기업,3873
615,095720,웅진씽크빅,3863
616,006110,삼아알미늄,3855
617,036630,세종텔레콤,3844
618,036030,케이티알파,3843
619,100120,뷰웍스,3840
620,088260,이리츠코크렙,3832
621,119860,다나와,3830
622,091120,이엠텍,3828
623,122900,아이마켓코리아,3827
624,030210,KTB투자증권,3817
625,00088K,한화3우B,3809
626,034810,해성산업,3808
627,206640,바디텍메드,3804
628,003300,한일홀딩스,3803
629,102940,코오롱생명과학,3800
630,216050,인크로스,3798
631,086980,쇼박스,3781
632,900140,엘브이엠씨홀딩스,3769
633,091810,티웨이항공,3767
634,000020,동화약품,3756
635,001200,유진투자증권,3753
636,009290,광동제약,3748
637,000050,경방,3728
638,004700,조광피혁,3723
639,047920,에이치엘비제약,3710
640,217330,싸이토젠,3708
641,265520,AP시스템,3705
642,001520,동양,3699
643,034950,한국기업평가,3695
644,082740,HSD엔진,3695
645,078160,메디포스트,3691
646,104700,한국철강,3684
647,003060,에이프로젠제약,3678
648,249420,일동제약,3665
649,048870,시너지이노베이션,3662
650,044340,위닉스,3655
651,005500,삼진제약,3648
652,138080,오이솔루션,3644
653,053580,웹케시,3639
654,003100,선광,3630
655,004690,삼천리,3604
656,220260,켐트로스,3598
657,072710,농심홀딩스,3598
658,228670,레이,3592
659,011690,와이투솔루션,3592
660,002960,한국쉘석유,3588
661,011040,경동제약,3569
662,058430,포스코강판,3564
663,317400,자이에스앤디,3560
664,237880,클리오,3551
665,068290,삼성출판사,3550
666,025770,한국정보통신,3549
667,046440,KG모빌리언스,3548
668,376980,원티드랩,3541
669,119610,인터로조,3533
670,018000,유니슨,3530
671,006060,화승인더,3518
672,293480,하나제약,3501
673,033240,자화전자,3490
674,084690,대상홀딩스,3487
675,377190,디앤디플랫폼리츠,3471
676,340570,티앤엘,3466
677,009680,모토닉,3465
678,182360,큐브엔터,3458
679,214870,뉴지랩파마,3450
680,075580,세진중공업,3439
681,043610,지니뮤직,3428
682,213500,한솔제지,3427
683,013360,일성건설,3425
684,016590,신대양제지,3425
685,051500,CJ프레시웨이,3419
686,348150,고바이오랩,3408
687,004890,동일산업,3407
688,019680,대교,3405
689,000480,조선내화,3388
690,003220,대원제약,3385
691,017940,E1,3385
692,365270,큐라클,3382
693,005960,동부건설,3376
694,361390,제노코,3375
695,077360,덕산하이메탈,3373
696,263050,유틸렉스,3366
697,001360,삼성제약,3358
698,038880,아이에이,3345
699,247660,나노씨엠에스,3345
700,024090,디씨엠,3328
701,029530,신도리코,3326
702,272550,삼양패키징,3325
703,011785,금호석유우,3310
704,041830,인바디,3290
705,308080,바이젠셀,3288
706,001470,삼부토건,3287
707,007460,에이프로젠 MED,3286
708,035510,신세계 I&C,3285
709,089600,나스미디어,3284
710,107590,미원홀딩스,3282
711,00104K,CJ4우(전환),3267
712,208640,썸에이지,3252
713,048910,대원미디어,3251
714,332570,와이팜,3249
715,001780,알루코,3241
716,016580,환인제약,3236
717,083450,GST,3233
718,101360,이엔드디,3225
719,031440,신세계푸드,3221
720,007860,서연,3216
721,010690,화신,3209
722,086890,이수앱지스,3208
723,361570,알비더블유,3207
724,078070,유비쿼스홀딩스,3206
725,054210,이랜텍,3199
726,013580,계룡건설,3197
727,149950,아바텍,3191
728,319400,현대무벡스,3189
729,252990,샘씨엔에스,3184
730,099430,바이오플러스,3181
731,064290,인텍플러스,3168
732,003920,남양유업,3164
733,054620,APS홀딩스,3161
734,002780,진흥기업,3149
735,084680,이월드,3148
736,033500,동성화인텍,3147
737,000155,두산우,3137
738,194370,제이에스코퍼레이션,3133
739,073490,이노와이어리스,3132
740,000140,하이트진로홀딩스,3132
741,009520,포스코엠텍,3131
742,277810,레인보우로보틱스,3130
743,002390,한독,3117
744,051370,인터플렉스,3114
745,281740,레이크머티리얼즈,3102
746,123860,아나패스,3095
747,037070,파세코,3094
748,950190,미투젠,3089
749,108230,톱텍,3087
750,016450,한세예스24홀딩스,3068
751,011280,태림포장,3065
752,122990,와이솔,3058
753,297890,HB솔루션,3051
754,080420,모다이노칩,3049
755,082920,비츠로셀,3037
756,144960,뉴파워프라즈마,3036
757,079980,휴비스,3032
758,301300,바이브컴퍼니,3031
759,036800,나이스정보통신,3030
760,357230,에이치피오,3030
761,029460,케이씨,3029
762,079430,현대리바트,3028
763,004980,성신양회,3027
764,016610,DB금융투자,3026
765,003570,SNT중공업,3022
766,001790,대한제당,3000
767,234340,세틀뱅크,2996
768,008350,남선알미늄,2996
769,038290,마크로젠,2994
770,001940,KISCO홀딩스,2993
771,139670,키네마스터,2993
772,100130,동국S&C,2988
773,023160,태광,2981
774,077500,유니퀘스트,2979
775,136480,하림,2979
776,241840,에이스토리,2964
777,039560,다산네트웍스,2961
778,200710,에이디테크놀로지,2959
779,148150,세경하이테크,2951
780,194700,노바렉스,2948
781,377450,리파인,2946
782,005810,풍산홀딩스,2925
783,251370,와이엠티,2923
784,115960,연우,2919
785,060570,드림어스컴퍼니,2899
786,045100,한양이엔지,2898
787,015860,일진홀딩스,2886
788,166480,코아스템,2880
789,097780,에스맥,2877
790,009155,삼성전기우,2872
791,037710,광주신세계,2864
792,006840,AK홀딩스,2861
793,036530,SNT홀딩스,2853
794,014160,대영포장,2850
795,093320,케이아이엔엑스,2845
796,084650,랩지노믹스,2845
797,282880,코윈테크,2837
798,114810,아이원스,2830
799,019550,SBI인베스트먼트,2828
800,023760,한국캐피탈,2827
801,002810,삼영무역,2825
802,126700,하이비젼시스템,2824
803,284620,카이노스메드,2824
804,007660,이수페타시스,2820
805,337930,브랜드엑스코퍼레이션,2815
806,095570,AJ네트웍스,2814
807,039440,에스티아이,2809
808,033530,세종공업,2809
809,065680,우주일렉트로,2801
810,306200,세아제강,2796
811,092230,KPX홀딩스,2796
812,068930,디지털대성,2794
813,053610,프로텍,2783
814,245620,EDGC,2782
815,031980,피에스케이홀딩스,2781
816,018290,브이티지엠피,2779
817,012610,경인양행,2777
818,205500,액션스퀘어,2769
819,261780,차백신연구소,2748
820,047310,파워로직스,2736
821,088390,이녹스,2721
822,214180,민앤지,2717
823,002030,아세아,2716
824,052260,현대바이오랜드,2715
825,027710,팜스토리,2712
826,017890,한국알콜,2711
827,054920,한컴위드,2706
828,376190,엘비루셈,2706
829,044450,KSS해운,2701
830,136490,선진,2698
831,001460,BYC,2695
832,115180,큐리언트,2691
833,322310,오로스테크놀로지,2683
834,189330,씨이랩,2682
835,053300,한국정보인증,2682
836,008060,대덕,2677
837,094820,일진파워,2676
838,025950,동신건설,2675
839,101060,SBS미디어홀딩스,2672
840,083310,엘오티베큠,2671
841,002900,TYM,2659
842,011500,한농화성,2658
843,035810,이지홀딩스,2657
844,126340,비나텍,2648
845,025000,KPX케미칼,2647
846,003160,디아이,2645
847,001340,백광산업,2641
848,002620,제일파마홀딩스,2635
849,051160,지어소프트,2630
850,009270,신원,2628
851,005720,넥센,2615
852,001130,대한제분,2611
853,290090,트윔,2611
854,023600,삼보판지,2611
855,002150,도화엔지니어링,2606
856,078890,가온미디어,2599
857,192440,슈피겐코리아,2598
858,126600,코프라,2597
859,004830,덕성,2595
860,00279K,아모레G3우(전환),2592
861,070960,용평리조트,2589
862,000390,삼화페인트,2584
863,004250,NPC,2574
864,066410,버킷스튜디오,2568
865,003200,일신방직,2568
866,045970,코아시아,2563
867,290670,대보마그네틱,2562
868,009810,플레이그램,2561
869,200230,텔콘RF제약,2555
870,052710,아모텍,2552
871,102260,동성케미컬,2549
872,097955,CJ제일제당 우,2542
873,001570,금양,2537
874,001270,부국증권,2535
875,118990,모트렉스,2528
876,052020,에스티큐브,2525
877,143160,아이디스,2523
878,229640,LS전선아시아,2520
879,032820,우리기술,2517
880,042370,비츠로테크,2515
881,102120,어보브반도체,2514
882,009580,무림P&P,2513
883,007210,벽산,2509
884,195990,에이비프로바이오,2509
885,033920,무학,2508
886,138610,나이벡,2500
887,003560,IHQ,2500
888,044490,태웅,2500
889,171090,선익시스템,2497
890,090850,현대이지웰,2493
891,000430,대원강업,2486
892,225530,보광산업,2471
893,093230,이아이디,2464
894,001070,대한방직,2461
895,311690,천랩,2460
896,054780,키이스트,2456
897,094280,효성ITX,2456
898,264450,유비쿼스,2453
899,096240,청담러닝,2452
900,096760,JW홀딩스,2443
901,012700,리드코프,2438
902,220100,퓨쳐켐,2435
903,000680,LS네트웍스,2435
904,013720,CBI,2431
905,000540,흥국화재,2425
906,228760,지노믹트리,2418
907,004380,삼익THK,2415
908,092130,이크레더블,2414
909,004560,현대비앤지스틸,2412
910,036890,진성티이씨,2405
911,021080,에이티넘인베스트,2404
912,014620,성광벤드,2402
913,000490,대동,2396
914,058630,엠게임,2394
915,067280,멀티캠퍼스,2394
916,092070,디엔에프,2389
917,049180,셀루메드,2388
918,005945,NH투자증권우,2387
919,101530,해태제과식품,2384
920,200670,휴메딕스,2383
921,003960,사조대림,2382
922,040910,아이씨디,2375
923,053280,예스24,2375
924,256940,케이피에스,2372
925,014280,금강공업,2366
926,288330,브릿지바이오테라퓨틱스,2361
927,049950,미래컴퍼니,2358
928,322000,현대에너지솔루션,2352
929,099750,이지케어텍,2343
930,058610,에스피지,2339
931,161580,필옵틱스,2338
932,013030,하이록코리아,2327
933,101140,인바이오젠,2327
934,251970,펌텍코리아,2325
935,089140,넥스턴바이오,2325
936,244920,에이플러스에셋,2317
937,174900,앱클론,2314
938,086960,한컴MDS,2313
939,273640,와이엠텍,2313
940,005389,현대차3우B,2304
941,142760,바이오리더스,2301
942,002100,경농,2293
943,090350,노루페인트,2290
944,333620,엔시스,2290
945,077970,STX엔진,2287
946,123420,선데이토즈,2287
947,023450,동남합성,2281
948,400760,NH올원리츠,2278
949,004360,세방,2278
950,011760,현대코퍼레이션,2275
951,096040,이트론,2271
952,018470,조일알미늄,2263
953,010955,S-Oil우,2260
954,234080,JW생명과학,2256
955,078350,한양디지텍,2256
956,290550,디케이티,2255
957,244460,올리패스,2252
958,150840,인트로메딕,2251
959,023800,인지컨트롤스,2251
960,372910,한컴라이프케어,2249
961,083420,그린케미칼,2248
962,122640,예스티,2247
963,136510,에디슨EV,2236
964,019210,와이지-원,2234
965,263920,휴온스블러썸,2234
966,253840,수젠텍,2231
967,041930,동아화성,2227
968,203650,드림시큐리티,2226
969,007160,사조산업,2225
970,005680,삼영전자,2220
971,180400,캔서롭,2220
972,053290,NE능률,2214
973,117580,대성에너지,2213
974,236810,엔비티,2206
975,015360,예스코홀딩스,2205
976,241690,유니테크노,2203
977,006620,동구바이오제약,2203
978,036580,팜스코,2200
979,367000,플래티어,2199
980,091580,상신이디피,2197
981,043370,피에이치에이,2194
982,025320,시노펙스,2193
983,018310,삼목에스폼,2190
984,318020,포인트모바일,2190
985,002210,동성제약,2184
986,159580,제로투세븐,2183
987,054450,텔레칩스,2181
988,306040,에스제이그룹,2180
989,303530,이노뎁,2176
990,201490,미투온,2172
991,290720,푸드나무,2167
992,089890,코세스,2164
993,214270,FSN,2162
994,100250,진양홀딩스,2160
995,214390,경보제약,2158
996,067990,도이치모터스,2156
997,060240,룽투코리아,2156
998,079370,제우스,2154
999,004970,신라교역,2152
1000,262260,에이프로,2150
1001,199820,제일전기공업,2149
1002,203400,에이비온,2145
1003,308170,센트랄모텍,2143
1004,017000,신원종합개발,2141
1005,080220,제주반도체,2138
1006,207760,미스터블루,2136
1007,060280,큐렉소,2133
1008,123040,엠에스오토텍,2133
1009,109740,디에스케이,2129
1010,270870,뉴트리,2127
1011,288620,에스퓨얼셀,2124
1012,063160,종근당바이오,2123
1013,092730,네오팜,2121
1014,009470,삼화전기,2119
1015,338220,뷰노,2118
1016,187870,디바이스이엔지,2110
1017,339950,아이비김영,2107
1018,037460,삼지전자,2105
1019,125210,아모그린텍,2103
1020,012030,DB,2102
1021,000970,한국주철관,2097
1022,352700,씨앤투스성진,2089
1023,010170,대한광통신,2086
1024,087010,펩트론,2083
1025,082210,옵트론텍,2082
1026,228850,레이언스,2082
1027,278650,노터스,2081
1028,104620,노랑풍선,2080
1029,294140,레몬,2072
1030,115160,휴맥스,2069
1031,018120,진로발효,2069
1032,058970,엠로,2064
1033,347770,핌스,2056
1034,023900,풍국주정,2053
1035,238090,앤디포스,2048
1036,311320,지오엘리먼트,2043
1037,053080,원방테크,2040
1038,103590,일진전기,2039
1039,382480,지아이텍,2038
1040,036190,금화피에스시,2037
1041,001250,GS글로벌,2034
1042,004710,한솔테크닉스,2032
1043,215360,우리산업,2027
1044,014790,한라,2025
1045,277880,티에스아이,2020
1046,352910,오비고,2014
1047,33626K,두산퓨얼셀1우,2011
1048,015890,태경산업,2010
1049,357880,비트나인,2008
1050,090150,광진윈텍,2004
1051,179900,유티아이,2001
1052,004960,한신공영,2001
1053,005160,동국산업,2001
1054,357580,아모센스,1999
1055,007330,푸른저축은행,1998
1056,074430,아미노로직스,1998
1057,090360,로보스타,1998
1058,001750,한양증권,1998
1059,084730,팅크웨어,1996
1060,33637K,솔루스첨단소재1우,1996
1061,257720,실리콘투,1994
1062,035150,백산,1994
1063,110990,디아이티,1993
1064,017900,광전자,1993
1065,348350,위드텍,1990
1066,039860,나노엔텍,1988
1067,258830,세종메디칼,1986
1068,078590,OQP,1975
1069,039570,HDC아이콘트롤스,1975
1070,089470,HDC현대EP,1968
1071,160980,싸이맥스,1966
1072,067900,와이엔텍,1965
1073,267850,아시아나IDT,1964
1074,260930,씨티케이,1963
1075,348030,모비릭스,1963
1076,061040,알에프텍,1963
1077,315640,딥노이드,1962
1078,136540,윈스,1959
1079,066700,테라젠이텍스,1958
1080,045660,에이텍,1957
1081,248170,샘표식품,1955
1082,298060,에스씨엠생명과학,1953
1083,038620,위즈코프,1953
1084,128820,대성산업,1949
1085,072520,제넨바이오,1945
1086,052420,오성첨단소재,1944
1087,047560,이스트소프트,1944
1088,372800,아이티아이즈,1941
1089,356860,티엘비,1941
1090,060590,씨티씨바이오,1939
1091,003120,일성신약,1939
1092,352480,씨앤씨인터내셔널,1937
1093,187420,제노포커스,1932
1094,137950,제이씨케미칼,1930
1095,003555,LG우,1927
1096,196490,디에이테크놀로지,1924
1097,066980,이엔코퍼레이션,1923
1098,340930,유일에너테크,1921
1099,058400,KNN,1920
1100,006220,제주은행,1918
1101,000300,대유플러스,1917
1102,021320,KCC건설,1911
1103,138580,비즈니스온,1911
1104,300120,라온피플,1909
1105,082850,우리바이오,1909
1106,217600,켐온,1909
1107,109820,진매트릭스,1906
1108,377480,마인즈랩,1899
1109,049960,쎌바이오텍,1898
1110,200880,서연이화,1894
1111,211270,AP위성,1892
1112,091090,세원이앤씨,1891
1113,008700,아남전자,1889
1114,078150,HB테크놀러지,1883
1115,013570,디와이,1881
1116,109610,에스와이,1880
1117,028100,동아지질,1880
1118,078520,에이블씨엔씨,1865
1119,239890,피엔에이치테크,1862
1120,088290,이원컴포텍,1862
1121,079940,가비아,1861
1122,265560,영화테크,1860
1123,255440,야스,1854
1124,006910,보성파워텍,1852
1125,082800,비보존 헬스케어,1851
1126,063570,한국전자금융,1850
1127,256630,포인트엔지니어링,1848
1128,163730,핑거,1847
1129,122350,삼기,1846
1130,078860,아이오케이,1845
1131,095190,이엠코리아,1845
1132,192250,케이사인,1844
1133,111710,남화산업,1842
1134,105840,우진,1835
1135,067170,오텍,1823
1136,226330,신테카바이오,1822
1137,069460,대호에이엘,1821
1138,007110,일신석재,1820
1139,234690,녹십자웰빙,1819
1140,354200,엔젠바이오,1814
1141,061250,화일약품,1808
1142,094850,참좋은여행,1806
1143,038390,레드캡투어,1803
1144,009070,KCTC,1800
1145,060310,3S,1799
1146,036620,감성코퍼레이션,1797
1147,054050,농우바이오,1795
1148,104200,NHN벅스,1794
1149,002170,삼양통상,1794
1150,083930,아바코,1787
1151,023910,대한약품,1785
1152,002410,범양건영,1785
1153,282690,동아타이어,1785
1154,02826K,삼성물산우B,1782
1155,297090,씨에스베어링,1777
1156,102280,쌍방울,1777
1157,024890,대원화성,1775
1158,304840,피플바이오,1771
1159,042040,케이피엠테크,1769
1160,049080,기가레인,1767
1161,086820,바이오솔루션,1767
1162,042510,라온시큐어,1765
1163,013990,아가방컴퍼니,1762
1164,314930,바이오다인,1761
1165,065530,와이어블,1757
1166,014940,오리엔탈정공,1756
1167,100700,세운메디칼,1752
1168,038070,서린바이오,1751
1169,003547,대신증권2우B,1750
1170,003830,대한화섬,1746
1171,011370,서한,1745
1172,239610,에이치엘사이언스,1744
1173,306620,네온테크,1739
1174,191420,테고사이언스,1739
1175,208340,파멥신,1738
1176,071200,인피니트헬스케어,1737
1177,054950,제이브이엠,1734
1178,067080,대화제약,1731
1179,036710,심텍홀딩스,1730
1180,012800,대창,1727
1181,060900,대한그린파워,1727
1182,046140,SBS콘텐츠허브,1725
1183,057680,티사이언티픽,1725
1184,051980,중앙디앤엠,1721
1185,134380,미원화학,1717
1186,28513K,SK케미칼우,1713
1187,068330,일신바이오,1711
1188,236200,슈프리마,1708
1189,168490,한국패러랠,1708
1190,004310,현대약품,1708
1191,950110,SBI핀테크솔루션즈,1707
1192,006380,카프로,1702
1193,000180,성창기업지주,1698
1194,289080,SV인베스트먼트,1698
1195,074610,이엔플러스,1697
1196,000320,노루홀딩스,1694
1197,002710,TCC스틸,1689
1198,066620,국보디자인,1687
1199,026150,특수건설,1686
1200,039340,한국경제TV,1683
1201,033560,블루콤,1682
1202,105330,케이엔더블유,1680
1203,096775,SK이노베이션우,1679
1204,092200,디아이씨,1678
1205,259630,엠플러스,1676
1206,014200,광림,1670
1207,105550,트루윈,1666
1208,214610,미코바이오메드,1666
1209,043650,국순당,1659
1210,002880,대유에이텍,1655
1211,008040,사조동아원,1651
1212,052330,코텍,1650
1213,317690,퀀타매트릭스,1650
1214,066590,우수AMS,1649
1215,176440,에이치엔티,1646
1216,353810,이지바이오,1644
1217,004540,깨끗한나라,1642
1218,017180,명문제약,1639
1219,205100,엑셈,1638
1220,377220,프롬바이오,1634
1221,067390,아스트,1634
1222,072870,메가스터디,1633
1223,155650,와이엠씨,1631
1224,302550,리메드,1629
1225,263700,케어랩스,1628
1226,011090,에넥스,1628
1227,054670,대한뉴팜,1622
1228,108860,셀바스AI,1621
1229,179290,엠아이텍,1621
1230,033170,시그네틱스,1620
1231,140070,서플러스글로벌,1612
1232,068790,DMS,1607
1233,002450,삼익악기,1606
1234,094360,칩스앤미디어,1605
1235,041460,한국전자인증,1605
1236,027050,코리아나,1604
1237,000230,일동홀딩스,1604
1238,071670,에이테크솔루션,1600
1239,300080,플리토,1599
1240,171120,라이온켐텍,1598
1241,060560,홈센타홀딩스,1595
1242,119830,아이텍,1592
1243,007280,한국특강,1591
1244,006740,영풍제지,1591
1245,067290,JW신약,1590
1246,181340,이즈미디어,1587
1247,234100,세원,1587
1248,040350,큐로컴,1587
1249,310200,애니플러스,1587
1250,035610,솔본,1583
1251,003460,유화증권,1579
1252,009190,대양금속,1577
1253,352770,클리노믹스,1576
1254,000700,유수홀딩스,1575
1255,158430,아톤,1575
1256,030960,양지사,1569
1257,046120,오르비텍,1568
1258,950200,소마젠,1561
1259,004720,팜젠사이언스,1559
1260,072020,중앙백신,1558
1261,052300,초록뱀컴퍼니,1558
1262,016880,웅진,1554
1263,138360,협진,1550
1264,004150,한솔홀딩스,1545
1265,950170,JTC,1545
1266,008970,동양철관,1545
1267,274090,켄코아에어로스페이스,1543
1268,276730,제주맥주,1542
1269,004140,동방,1542
1270,215090,휴센텍,1541
1271,002460,화성산업,1537
1272,142280,녹십자엠에스,1535
1273,015020,이스타코,1534
1274,130580,나이스디앤비,1532
1275,064820,케이프,1531
1276,37550K,DL이앤씨우,1530
1277,004080,신흥,1529
1278,073560,우리손에프앤지,1526
1279,014470,부방,1519
1280,052790,액토즈소프트,1518
1281,058110,멕아이씨에스,1516
1282,126880,제이엔케이히터,1515
1283,241520,DSC인베스트먼트,1512
1284,043220,에이치엘비파워,1512
1285,241790,오션브릿지,1510
1286,108490,로보티즈,1507
1287,010040,한국내화,1507
1288,073640,테라사이언스,1507
1289,029480,릭스솔루션,1507
1290,032850,비트컴퓨터,1506
1291,186230,그린플러스,1504
1292,193250,와이제이엠게임즈,1503
1293,204620,글로벌텍스프리,1501
1294,156100,엘앤케이바이오,1499
1295,100840,SNT에너지,1497
1296,241710,코스메카코리아,1495
1297,304100,솔트룩스,1494
1298,168330,내츄럴엔도텍,1494
1299,950140,잉글우드랩,1494
1300,232680,라온테크,1491
1301,291650,압타머사이언스,1490
1302,002630,오리엔트바이오,1488
1303,068050,팬엔터테인먼트,1485
1304,036560,영풍정밀,1485
1305,347890,엠투아이,1484
1306,014580,태경비케이,1483
1307,065450,빅텍,1481
1308,123690,한국화장품,1479
1309,210540,디와이파워,1479
1310,120240,대정화금,1477
1311,063440,SM Life Design,1474
1312,389030,지니너스,1472
1313,104540,코렌텍,1472
1314,066310,큐에스아이,1470
1315,000860,강남제비스코,1469
1316,002700,신일전자,1467
1317,124560,태웅로직스,1465
1318,108380,대양전기공업,1463
1319,036090,위지트,1461
1320,049550,잉크테크,1458
1321,066670,디스플레이텍,1456
1322,006890,태경케미컬,1455
1323,079960,동양이엔피,1454
1324,007820,에스엠코어,1452
1325,012690,모나리자,1451
1326,092870,엑시콘,1450
1327,347000,센코,1448
1328,053980,오상자이엘,1446
1329,064800,젬백스링크,1445
1330,153710,옵티팜,1441
1331,190510,나무가,1436
1332,012170,아센디오,1433
1333,270660,에브리봇,1432
1334,067570,엔브이에이치코리아,1431
1335,017550,수산중공업,1430
1336,071460,위니아딤채,1429
1337,347740,피엔케이피부임상연구센타,1425
1338,004090,한국석유,1421
1339,128660,피제이메탈,1421
1340,302430,이노메트리,1420
1341,003650,미창석유,1419
1342,047080,한빛소프트,1419
1343,225330,씨엠에스에듀,1418
1344,032560,황금에스티,1417
1345,016250,SGC이테크건설,1416
1346,239340,줌인터넷,1416
1347,129890,앱코,1416
1348,334890,이지스밸류리츠,1413
1349,005710,대원산업,1408
1350,208710,바이오로그디바이스,1406
1351,011320,유니크,1400
1352,012860,모베이스전자,1398
1353,045520,크린앤사이언스,1397
1354,025750,한솔홈데코,1397
1355,019440,세아특수강,1396
1356,012200,계양전기,1395
1357,008250,이건산업,1390
1358,036010,아비코전자,1389
1359,087260,모바일어플라이언스,1386
1360,064850,에프앤가이드,1383
1361,071970,STX중공업,1382
1362,051360,토비스,1382
1363,018700,바른손,1380
1364,122310,제노레이,1379
1365,011150,CJ씨푸드,1377
1366,225220,제놀루션,1377
1367,261200,덴티스,1376
1368,054800,아이디스홀딩스,1376
1369,050110,캠시스,1373
1370,014530,극동유화,1366
1371,072470,우리산업홀딩스,1365
1372,217730,강스템바이오텍,1360
1373,034300,신세계건설,1360
1374,020710,시공테크,1359
1375,016740,두올,1355
1376,267290,경동도시가스,1355
1377,123570,이엠넷,1349
1378,093520,매커스,1348
1379,200780,비씨월드제약,1347
1380,051490,나라엠앤디,1346
1381,120030,조선선재,1345
1382,005430,한국공항,1344
1383,290520,신도기연,1342
1384,007680,대원,1339
1385,044820,코스맥스비티아이,1339
1386,054220,비츠로시스,1338
1387,085670,뉴프렉스,1338
1388,263690,디알젬,1336
1389,046390,삼화네트웍스,1336
1390,006660,삼성공조,1336
1391,047400,유니온머티리얼,1335
1392,321820,와이더플래닛,1334
1393,001045,CJ우,1333
1394,173940,에프엔씨엔터,1333
1395,312610,에이에프더블류,1332
1396,009320,대우부품,1331
1397,024810,이화전기,1327
1398,013310,아진산업,1327
1399,128540,에코캡,1326
1400,033320,제이씨현시스템,1326
1401,241770,메카로,1325
1402,037330,인지디스플레,1323
1403,014190,원익큐브,1323
1404,023000,삼원강재,1322
1405,004060,SG세계물산,1319
1406,214430,아이쓰리시스템,1318
1407,005750,대림B&Co,1318
1408,001260,남광토건,1312
1409,019660,글로본,1310
1410,330350,위더스제약,1306
1411,007720,대명소노시즌,1305
1412,251630,브이원텍,1304
1413,092440,기신정기,1303
1414,033540,파라텍,1301
1415,011700,한신기계,1301
1416,109080,옵티시스,1299
1417,376290,씨유테크,1299
1418,148250,알엔투테크놀로지,1298
1419,039020,이건홀딩스,1298
1420,005320,국동,1297
1421,206400,베노홀딩스,1297
1422,053590,한국테크놀로지,1295
1423,040300,YTN,1293
1424,141000,비아트론,1290
1425,001540,안국약품,1289
1426,036640,HRS,1288
1427,023810,인팩,1285
1428,033230,인성정보,1284
1429,307930,컴퍼니케이,1283
1430,03473K,SK우,1282
1431,222040,코스맥스엔비티,1280
1432,049720,고려신용정보,1272
1433,053690,한미글로벌,1271
1434,004270,남성,1269
1435,093190,빅솔론,1269
1436,040420,정상제이엘에스,1269
1437,109960,에이프로젠 H&G,1268
1438,005740,크라운해태홀딩스,1267
1439,095500,미래나노텍,1266
1440,093920,서원인텍,1264
1441,198440,고려시멘트,1264
1442,005990,매일홀딩스,1263
1443,150900,파수,1260
1444,010960,삼호개발,1260
1445,004650,창해에탄올,1259
1446,217500,러셀,1258
1447,015710,코콤,1258
1448,203690,프로스테믹스,1258
1449,003610,방림,1254
1450,227950,엔투텍,1252
1451,000890,보해양조,1251
1452,065170,넥스트BT,1250
1453,094170,동운아나텍,1248
1454,335810,프리시젼바이오,1247
1455,065130,탑엔지니어링,1247
1456,009460,한창제지,1247
1457,012790,신일제약,1245
1458,096630,에스코넥,1243
1459,060230,얍엑스,1243
1460,189980,흥국에프엔비,1241
1461,003350,한국화장품제조,1241
1462,170790,파이오링크,1237
1463,069540,라이트론,1237
1464,013520,화승코퍼레이션,1236
1465,080000,에스엔유,1235
1466,057540,옴니시스템,1235
1467,025820,이구산업,1234
1468,305090,마이크로디지탈,1234
1469,024950,삼천리자전거,1233
1470,066130,하츠,1233
1471,264900,크라운제과,1232
1472,044060,조광ILI,1232
1473,034590,인천도시가스,1231
1474,065950,웰크론,1228
1475,006340,대원전선,1228
1476,048430,유라테크,1226
1477,008600,윌비스,1223
1478,067830,세이브존I&C,1223
1479,267320,나인테크,1219
1480,265740,엔에프씨,1219
1481,269620,시스웍,1215
1482,053450,세코닉스,1215
1483,049480,오픈베이스,1212
1484,042520,한스바이오메드,1212
1485,100590,머큐리,1210
1486,046210,파나진,1208
1487,217820,엔에스,1208
1488,036120,SCI평가정보,1208
1489,024910,경창산업,1205
1490,039290,인포뱅크,1204
1491,224110,에이텍티앤,1204
1492,002760,보락,1203
1493,007540,샘표,1203
1494,272110,케이엔제이,1203
1495,004440,삼일씨엔에스,1203
1496,032790,엠젠플러스,1203
1497,000220,유유제약,1201
1498,134790,시디즈,1200
1499,003480,한진중공업홀딩스,1195
1500,057880,피에이치씨,1194
1501,311390,네오크레마,1194
1502,064240,홈캐스트,1191
1503,006140,피제이전자,1189
1504,234300,에스트래픽,1189
1505,307180,아이엘사이언스,1189
1506,009300,삼아제약,1188
1507,322780,코퍼스코리아,1181
1508,013870,지엠비코리아,1178
1509,056080,유진로봇,1176
1510,089230,THE E&M,1175
1511,086040,바이오톡스텍,1174
1512,031820,콤텍시스템,1174
1513,131030,디에이치피코리아,1172
1514,002600,조흥,1170
1515,009180,한솔로지스틱스,1170
1516,027830,대성창투,1170
1517,037950,엘컴텍,1169
1518,119650,KC코트렐,1168
1519,001840,이화공영,1166
1520,017040,광명전기,1163
1521,005010,휴스틸,1159
1522,069410,엔텔스,1157
1523,011390,부산산업,1156
1524,118000,우리들휴브레인,1154
1525,015590,큐로,1151
1526,331920,셀레믹스,1151
1527,053700,삼보모터스,1150
1528,030350,드래곤플라이,1149
1529,035000,지투알,1148
1530,037370,EG,1147
1531,034940,조아제약,1147
1532,297570,알로이스,1147
1533,019990,에너토크,1146
1534,004770,써니전자,1146
1535,258610,이더블유케이,1146
1536,015230,대창단조,1145
1537,052220,iMBC,1145
1538,065650,메디프론,1144
1539,127710,아시아경제,1141
1540,011810,STX,1141
1541,263600,덕우전자,1140
1542,038530,골드퍼시픽,1140
1543,001550,조비,1139
1544,263800,데이타솔루션,1139
1545,038680,에스넷,1139
1546,004410,서울식품,1139
1547,041910,에스텍파마,1138
1548,200470,에이팩트,1137
1549,088130,동아엘텍,1135
1550,137940,넥스트아이,1134
1551,225190,삼양옵틱스,1133
1552,007980,태평양물산,1133
1553,025550,한국선재,1130
1554,065510,휴비츠,1130
1555,152550,한국ANKOR유전,1127
1556,033130,디지틀조선,1126
1557,170030,현대공업,1124
1558,035620,바른손이앤에이,1124
1559,335890,비올,1124
1560,051380,피씨디렉트,1123
1561,214420,토니모리,1123
1562,060370,KT서브마린,1123
1563,130500,GH신소재,1121
1564,001290,상상인증권,1121
1565,057030,YBM넷,1119
1566,094860,네오리진,1117
1567,171010,램테크놀러지,1117
1568,037230,한국팩키지,1116
1569,000910,유니온,1114
1570,099390,브레인즈컴퍼니,1113
1571,072990,에이치시티,1112
1572,040160,누리플렉스,1111
1573,351330,이삭엔지니어링,1110
1574,227840,현대코퍼레이션홀딩스,1110
1575,033830,티비씨,1110
1576,117730,티로보틱스,1109
1577,041020,폴라리스오피스,1108
1578,307870,비투엔,1106
1579,006200,한국전자홀딩스,1106
1580,253590,네오셈,1103
1581,350520,이지스레지던스리츠,1102
1582,093240,형지엘리트,1102
1583,065150,엠피대산,1102
1584,264660,씨앤지하이테크,1101
1585,058850,KTcs,1101
1586,230980,에이트원,1099
1587,017650,대림제지,1098
1588,083650,비에이치아이,1097
1589,133750,메가엠디,1097
1590,009200,무림페이퍼,1096
1591,053350,이니텍,1096
1592,900100,애머릿지,1096
1593,078000,텔코웨어,1096
1594,143210,핸즈코퍼레이션,1095
1595,056730,CNT85,1095
1596,229000,젠큐릭스,1095
1597,012160,영흥,1094
1598,001140,국보,1093
1599,006370,대구백화점,1092
1600,002795,아모레G우,1092
1601,260660,알리코제약,1089
1602,163560,동일고무벨트,1088
1603,129260,인터지스,1088
1604,027580,상보,1087
1605,340360,다보링크,1082
1606,238490,힘스,1081
1607,019010,베뉴지,1079
1608,089150,케이씨티,1077
1609,022220,정산애강,1077
1610,009440,KC그린홀딩스,1075
1611,044480,블루베리 NFT,1075
1612,024900,덕양산업,1074
1613,014970,삼륭물산,1073
1614,378850,화승알앤에이,1071
1615,242040,나무기술,1071
1616,016920,카스,1070
1617,009780,엠에스씨,1070
1618,262840,아이퀘스트,1069
1619,081150,티플랙스,1069
1620,380440,엔에이치스팩19호,1069
1621,004910,조광페인트,1066
1622,327260,RF머트리얼즈,1063
1623,053950,경남제약,1062
1624,204630,스튜디오산타클로스,1062
1625,900250,크리스탈신소재,1060
1626,140670,알에스오토메이션,1060
1627,024060,흥구석유,1060
1628,246690,TS인베스트먼트,1060
1629,039830,오로라,1057
1630,002360,SH에너지화학,1056
1631,042500,링네트,1056
1632,065710,서호전기,1050
1633,090410,덕신하우징,1050
1634,023460,CNH,1050
1635,089850,유비벨록스,1049
1636,050960,수산아이앤티,1049
1637,159010,아스플로,1048
1638,263770,유에스티,1047
1639,043910,자연과환경,1047
1640,100220,비상교육,1046
1641,099220,SDN,1044
1642,000157,두산2우B,1044
1643,309930,오하임아이엔티,1043
1644,091590,남화토건,1043
1645,000520,삼일제약,1042
1646,075180,새론오토모티브,1042
1647,357550,석경에이티,1041
1648,020760,일진디스플,1040
1649,083500,에프엔에스테크,1039
1650,005800,신영와코루,1039
1651,003780,진양산업,1038
1652,120115,코오롱인더우,1037
1653,002200,한국수출포장,1036
1654,000500,가온전선,1035
1655,004590,한국가구,1032
1656,019175,신풍제약우,1029
1657,016600,큐캐피탈,1029
1658,069510,에스텍,1029
1659,037030,파워넷,1027
1660,005870,휴니드,1026
1661,010820,퍼스텍,1026
1662,004840,DRB동일,1026
1663,036670,KCI,1026
1664,357250,미래에셋맵스리츠,1025
1665,002720,국제약품,1023
1666,101930,인화정공,1021
1667,109860,동일금속,1018
1668,038460,바이오스마트,1016
1669,016090,대현,1016
1670,044960,이글벳,1013
1671,008260,NI스틸,1012
1672,012340,뉴인텍,1010
1673,049430,코메론,1008
1674,002800,신신제약,1008
1675,313760,윌링스,1008
1676,047770,코데즈컴바인,1008
1677,059120,아진엑스텍,1008
1678,039420,케이엘넷,1007
1679,090080,평화산업,1007
1680,072770,율호,1007
1681,124500,아이티센,1005
1682,027970,세하,1004
1683,041440,현대에버다임,1003
1684,092600,앤씨앤,1003
1685,065370,위세아이텍,1002
1686,010580,지코,1002
1687,013700,까뮤이앤씨,1000
1688,033200,모아텍,998
1689,037440,희림,998
1690,317530,캐리소프트,997
1691,002230,피에스텍,997
1692,065560,녹원씨엔아이,995
1693,111110,호전실업,994
1694,011330,유니켐,992
1695,021050,서원,992
1696,052670,제일바이오,991
1697,084180,수성이노베이션,988
1698,042940,상지카일룸,986
1699,123010,폴라리스웍스,983
1700,000440,중앙에너비스,983
1701,041520,이라이콤,983
1702,003720,삼영화학,982
1703,007590,동방아그로,981
1704,196450,코아시아옵틱스,981
1705,086670,비엠티,981
1706,068940,아이씨케이,977
1707,010600,웰바이오텍,976
1708,089790,제이티,976
1709,016670,인피니티엔티,975
1710,076080,웰크론한텍,975
1711,023770,플레이위드,970
1712,114450,KPX생명과학,970
1713,024800,유성티엔에스,969
1714,256150,한독크린텍,969
1715,303030,지니틱스,965
1716,053260,금강철강,965
1717,014570,고려제약,965
1718,025440,대성엘텍,961
1719,076610,해성옵틱스,959
1720,270520,지엔원에너지,958
1721,023960,에쓰씨엔지니어링,957
1722,090470,제이스텍,954
1723,073570,WI,954
1724,039240,경남스틸,953
1725,382800,지앤비에스엔지니어링,952
1726,123410,코리아에프티,950
1727,317120,라닉스,950
1728,106190,하이텍팜,949
1729,143540,영우디에스피,947
1730,000650,천일고속,946
1731,046940,우원개발,945
1732,347700,라이프시맨틱스,944
1733,293580,나우IB,942
1734,250000,보라티알,941
1735,010240,흥국,940
1736,023440,제일제강,940
1737,317870,엔바이오니아,939
1738,001560,제일연마,938
1739,105740,디케이락,937
1740,017480,삼현철강,935
1741,219130,타이거일렉,934
1742,054180,메디콕스,933
1743,049830,승일,932
1744,045510,정원엔시스,932
1745,187660,에이디엠코리아,931
1746,090710,휴림로봇,931
1747,219420,링크제니시스,929
1748,041590,젬백스지오,929
1749,016790,현대사료,928
1750,038010,제일테크노스,927
1751,196700,웹스,925
1752,208140,정다운,925
1753,001080,만호제강,923
1754,098120,마이크로컨텍솔,922
1755,101330,모베이스,919
1756,038870,에코바이오,918
1757,004450,삼화왕관,918
1758,155660,DSR,918
1759,338100,NH프라임리츠,915
1760,092460,한라IMS,914
1761,019590,엠벤처투자,912
1762,014710,사조씨푸드,912
1763,066900,디에이피,912
1764,060850,영림원소프트랩,910
1765,290380,대유,909
1766,149980,하이로닉,909
1767,226360,KH E&T,908
1768,237820,플레이디,908
1769,056700,신화인터텍,907
1770,221840,하이즈항공,907
1771,078140,대봉엘에스,906
1772,289010,아이스크림에듀,906
1773,322510,제이엘케이,906
1774,000040,KR모터스,905
1775,002070,비비안,905
1776,196300,애니젠,904
1777,290690,소룩스,904
1778,065570,삼영이엔씨,899
1779,139050,시티랩스,898
1780,263860,지니언스,897
1781,053270,구영테크,894
1782,073110,엘엠에스,894
1783,006980,우성,893
1784,222110,팬젠,893
1785,092780,동양피스톤,892
1786,263020,디케이앤디,892
1787,226440,한송네오텍,891
1788,147760,마이크로프랜드,891
1789,054090,삼진엘앤디,889
1790,238200,비피도,887
1791,097800,윈팩,886
1792,036170,클라우드에어,885
1793,069920,아이에스이커머스,884
1794,095910,에스에너지,883
1795,083550,케이엠,881
1796,153490,우리이앤엘,875
1797,006580,대양제지,875
1798,058860,KTis,875
1799,086710,선진뷰티사이언스,874
1800,214680,디알텍,872
1801,273060,와이즈버즈,871
1802,096690,에이루트,870
1803,066110,한프,868
1804,008110,대동전자,867
1805,046110,한일네트웍스,867
1806,012280,영화금속,867
1807,111870,KH 일렉트론,866
1808,075130,플랜티넷,865
1809,049800,우진플라임,864
1810,033100,제룡전기,864
1811,041650,상신브레이크,864
1812,164060,이루다,863
1813,006090,사조오양,863
1814,015540,쎌마테라퓨틱스,862
1815,195500,마니커에프앤지,859
1816,197140,디지캡,859
1817,041920,메디아나,857
1818,133820,화인베스틸,856
1819,042110,에스씨디,855
1820,079970,투비소프트,851
1821,012320,경동인베스트,851
1822,032680,소프트센,851
1823,075970,동국알앤에스,851
1824,264850,이랜시스,851
1825,024880,케이피에프,850
1826,037350,성도이엔지,850
1827,004780,대륙제관,850
1828,026940,부국철강,849
1829,043260,성호전자,849
1830,900310,컬러레이,847
1831,317240,TS트릴리온,847
1832,228340,동양파일,846
1833,290740,액트로,845
1834,078940,코드네이처,845
1835,000725,현대건설우,845
1836,352940,인바이오,844
1837,218150,미래생명자원,843
1838,115500,케이씨에스,842
1839,071280,로체시스템즈,842
1840,215380,우정바이오,842
1841,009620,삼보산업,841
1842,119850,지엔씨에너지,840
1843,005360,모나미,839
1844,052600,한네트,837
1845,096350,대창솔루션,835
1846,215790,이노인스트루먼트,835
1847,053160,프리엠스,834
1848,017370,우신시스템,833
1849,002870,신풍제지,833
1850,010100,한국프랜지,832
1851,058730,다스코,832
1852,003080,성보화학,832
1853,115310,인포바인,830
1854,094940,푸른기술,830
1855,192410,THQ,828
1856,010470,오리콤,828
1857,002920,유성기업,826
1858,092300,현우산업,825
1859,036690,코맥스,825
1860,087600,픽셀플러스,824
1861,014990,인디에프,822
1862,008420,문배철강,822
1863,085310,엔케이,819
1864,318410,비비씨,819
1865,088910,동우팜투테이블,818
1866,114840,아이패밀리에스씨,813
1867,049630,재영솔루텍,812
1868,001380,SG글로벌,811
1869,006805,미래에셋증권우,810
1870,032860,휴먼엔,809
1871,021820,세원정공,809
1872,170920,엘티씨,809
1873,318010,팜스빌,808
1874,007370,진양제약,806
1875,217190,제너셈,805
1876,011420,갤럭시아에스엠,803
1877,158310,참존글로벌,803
1878,014440,영보화학,800
1879,900300,오가닉티코스메틱,798
1880,013810,스페코,797
1881,067010,이씨에스,795
1882,021880,메이슨캐피탈,795
1883,222980,한국맥널티,795
1884,126870,뉴로스,794
1885,040610,SG&G,794
1886,005860,한일사료,793
1887,080520,오디텍,792
1888,032080,아즈텍WB,791
1889,038110,에코플라스틱,790
1890,064520,바른전자,790
1891,032940,원익,789
1892,024120,KB오토시스,788
1893,067920,이글루시큐리티,787
1894,045340,토탈소프트,787
1895,053050,지에스이,784
1896,056360,코위버,784
1897,004870,티웨이홀딩스,782
1898,308100,까스텔바작,781
1899,053620,태양,780
1900,134580,디엠티,779
1901,094840,슈프리마에이치큐,778
1902,080720,한국유니온제약,778
1903,023350,한국종합기술,776
1904,169330,엠브레인,775
1905,145210,다이나믹디자인,774
1906,095270,웨이브일렉트로,772
1907,250060,모비스,772
1908,006050,국영지앤엠,771
1909,035200,프럼파스트,771
1910,083640,인콘,770
1911,019180,티에이치엔,770
1912,037400,우리조명,769
1913,060540,에스에이티,769
1914,198080,엔피디,768
1915,106080,하이소닉,767
1916,363250,진시스템,766
1917,002140,고려산업,766
1918,333430,일승,766
1919,131400,이브이첨단소재,765
1920,043590,크로바하이텍,764
1921,318000,한국바이오젠,764
1922,142210,유니트론텍,763
1923,000850,화천기공,762
1924,361670,삼영에스앤씨,762
1925,039010,현대에이치티,762
1926,321260,프로이천,760
1927,052900,KMH하이텍,759
1928,258790,소프트캠프,758
1929,025890,한국주강,757
1930,189860,서전기전,755
1931,220180,핸디소프트,754
1932,277070,린드먼아시아,753
1933,187220,디티앤씨,753
1934,159910,스킨앤스킨,752
1935,002220,한일철강,750
1936,003310,대주산업,748
1937,024740,한일단조,747
1938,307280,원바이오젠,747
1939,003010,혜인,746
1940,217480,에스디생명공학,746
1941,051780,큐로홀딩스,746
1942,001620,케이비아이동국실업,745
1943,115440,우리넷,743
1944,093640,다믈멀티미디어,743
1945,260970,에스앤디,740
1946,052460,아이크래프트,740
1947,279600,미디어젠,740
1948,065060,지엔코,738
1949,123700,SJM,738
1950,054040,한국컴퓨터,737
1951,023150,MH에탄올,736
1952,031510,오스템,736
1953,044380,주연테크,734
1954,255220,SG,733
1955,147830,제룡산업,732
1956,294630,서남,731
1957,014100,메디앙스,731
1958,025620,제이준코스메틱,730
1959,043340,에쎈테크,727
1960,097870,효성오앤비,726
1961,065440,이루온,725
1962,072130,유엔젤,724
1963,222420,쎄노텍,722
1964,126640,화신정공,720
1965,032980,바이온,719
1966,019570,리더스 기술투자,717
1967,045060,오공,716
1968,065500,오리엔트정공,715
1969,069730,DSR제강,713
1970,085810,알티캐스트,712
1971,037760,쎄니트,712
1972,063760,이엘피,710
1973,009770,삼정펄프,709
1974,021650,한국큐빅,708
1975,016100,리더스코스메틱,707
1976,277410,인산가,707
1977,226340,본느,706
1978,221980,케이디켐,706
1979,190650,코리아에셋투자증권,705
1980,000590,CS홀딩스,703
1981,031310,아이즈비전,701
1982,019770,서연탑메탈,700
1983,014130,한익스프레스,700
1984,052860,아이앤씨,700
1985,050090,휘닉스소재,699
1986,007610,선도전기,698
1987,032540,TJ미디어,697
1988,299170,더블유에스아이,697
1989,215480,토박스코리아,697
1990,290120,대유에이피,697
1991,091340,S&K폴리텍,696
1992,101240,씨큐브,695
1993,101000,상상인인더스트리,695
1994,286750,나노브릭,695
1995,267790,배럴,694
1996,117670,알파홀딩스,693
1997,215100,로보로보,693
1998,085910,네오티스,692
1999,032800,판타지오,692
2000,065770,CS,692
2001,073010,케이에스피,691
2002,104040,대성파인텍,691
2003,145270,케이탑리츠,691
2004,140520,대창스틸,690
2005,000105,유한양행우,689
2006,011560,세보엠이씨,688
2007,059210,메타바이오메드,687
2008,005110,한창,687
2009,001275,부국증권우,687
2010,031860,엔에스엔,686
2011,017510,세명전기,686
2012,096640,멜파스,684
2013,138690,엘아이에스,684
2014,001810,무림SP,684
2015,000950,전방,684
2016,043090,한주케미칼앤홀딩스,683
2017,009310,참엔지니어링,680
2018,114630,폴라리스우노,678
2019,080010,이상네트웍스,678
2020,066910,손오공,677
2021,039670,스포츠서울,677
2022,059270,해성티피씨,676
2023,067730,로지시스,676
2024,250930,예선테크,676
2025,174880,장원테크,674
2026,131760,파인텍,673
2027,060380,동양에스텍,673
2028,046310,백금T&A,671
2029,036180,지더블유바이텍,670
2030,010770,평화홀딩스,668
2031,064480,브리지텍,665
2032,006880,신송홀딩스,664
2033,054630,에이디칩스,664
2034,038950,파인디지털,662
2035,024840,KBI메탈,662
2036,109070,컨버즈,661
2037,353190,휴럼,661
2038,005670,푸드웰,660
2039,103840,우양,658
2040,252500,세화피앤씨,655
2041,062860,티엘아이,655
2042,027740,마니커,654
2043,008870,금비,654
2044,299910,베스파,654
2045,114190,강원에너지,653
2046,007120,미래아이앤지,653
2047,078935,GS우,652
2048,900280,골든센츄리,649
2049,001210,금호전기,648
2050,100660,서암기계공업,648
2051,223250,드림씨아이에스,647
2052,043100,솔고바이오,644
2053,003535,한화투자증권우,643
2054,090370,메타랩스,643
2055,050860,아세아텍,642
2056,080470,성창오토텍,640
2057,900290,GRT,640
2058,066360,체리부로,637
2059,000215,DL우,635
2060,094970,제이엠티,633
2061,050120,ES큐브,631
2062,026040,제이에스티나,631
2063,008370,원풍,631
2064,189690,포시에스,631
2065,069110,코스온,629
2066,008290,원풍물산,628
2067,131220,대한과학,626
2068,001020,페이퍼코리아,625
2069,246960,이노테라피,625
2070,225430,케이엠제약,624
2071,002820,SUN&L,620
2072,082660,코스나인,618
2073,238120,얼라인드,618
2074,069640,한세엠케이,617
2075,049120,파인디앤씨,616
2076,023790,동일철강,615
2077,224060,코디엠,615
2078,059100,아이컴포넌트,615
2079,100030,모바일리더,614
2080,177830,파버나인,612
2081,290270,휴네시온,612
2082,046970,우리로,612
2083,054540,삼영엠텍,612
2084,154030,아시아종묘,611
2085,039610,화성밸브,610
2086,208370,셀바스헬스케어,608
2087,008775,호텔신라우,607
2088,263810,상신전자,606
2089,018620,우진비앤지,606
2090,048470,대동스틸,604
2091,050760,에스폴리텍,603
2092,138070,신진에스엠,602
2093,039310,세중,602
2094,178780,유테크,602
2095,263540,샘코,602
2096,007770,한일화학,600
2097,115570,스타플렉스,598
2098,322180,티라유텍,598
2099,010280,쌍용정보통신,598
2100,032750,삼진,598
2101,184230,SGA솔루션즈,597
2102,025560,미래산업,596
2103,024070,WISCOM,596
2104,006920,모헨즈,594
2105,257370,명성티엔에스,593
2106,217620,디딤,593
2107,049470,SGA,592
2108,246720,아스타,588
2109,012620,원일특강,587
2110,226400,오스테오닉,584
2111,071850,캐스텍코리아,583
2112,051630,진양화학,582
2113,131180,딜리,582
2114,071090,하이스틸,582
2115,019685,대교우B,580
2116,203450,유니온커뮤니티,579
2117,049520,유아이엘,578
2118,084670,동양고속,574
2119,002690,동일제강,571
2120,079950,인베니아,570
2121,115530,씨엔플러스,570
2122,290660,네오펙트,569
2123,204020,그리티,569
2124,33626L,두산퓨얼셀2우B,568
2125,036480,대성미생물,568
2126,010660,화천기계,568
2127,021040,대호특수강,567
2128,900340,윙입푸드,566
2129,056000,COWON,563
2130,036000,예림당,562
2131,079810,디이엔티,559
2132,003475,유안타증권우,558
2133,054930,유신,555
2134,131090,시큐브,552
2135,007630,폴루스바이오팜,551
2136,212560,네오오토,551
2137,008830,대동기어,550
2138,010400,우진아이엔에스,549
2139,013000,세우글로벌,548
2140,005305,롯데칠성우,547
2141,123750,알톤스포츠,546
2142,123840,한일진공,544
2143,127120,디엔에이링크,544
2144,153460,네이블,544
2145,018680,서울제약,543
2146,001000,신라섬유,543
2147,006570,대림통상,541
2148,054300,팬스타엔터프라이즈,540
2149,254120,자비스,539
2150,046070,코다코,539
2151,039980,리노스,538
2152,028080,휴맥스홀딩스,537
2153,032960,동일기연,537
2154,222160,바이옵트로,536
2155,007530,영신금속,535
2156,079650,서산,535
2157,177350,베셀,535
2158,025530,SJM홀딩스,534
2159,122690,서진오토모티브,530
2160,079190,EMW,530
2161,33637L,솔루스첨단소재2우B,530
2162,208350,지란지교시큐리티,529
2163,027040,서울전자통신,528
2164,391060,엔에이치스팩20호,527
2165,004100,태양금속,526
2166,033340,좋은사람들,526
2167,024830,세원물산,524
2168,069140,누리플랜,524
2169,222810,마이더스AI,523
2170,011080,형지I&C,522
2171,014910,성문전자,520
2172,101170,우림피티에스,519
2173,099440,스맥,517
2174,024940,PN풍년,515
2175,332370,아이디피,515
2176,900070,글로벌에스엠,514
2177,015260,에이엔피,513
2178,356890,싸이버원,512
2179,083660,CSA 코스믹,508
2180,081580,성우전자,508
2181,187790,나노,508
2182,084870,TBH글로벌,508
2183,005257,녹십자홀딩스2우,507
2184,002290,삼일기업공사,505
2185,045300,성우테크론,505
2186,048770,TPC,502
2187,225590,패션플랫폼,495
2188,148140,비디아이,495
2189,006125,SK디스커버리우,493
2190,331380,포커스에이치엔에스,492
2191,900260,로스웰,490
2192,003465,유화증권우,488
2193,060300,레드로버,488
2194,320000,윈텍,488
2195,317770,슈프리마아이디,487
2196,00499K,롯데지주우,485
2197,038060,루멘스,483
2198,032580,피델릭스,483
2199,008470,부스타,483
2200,237750,피앤씨테크,483
2201,072950,빛샘전자,482
2202,119500,포메탈,482
2203,376180,피코그램,482
2204,025870,신라에스지,480
2205,010640,진양폴리,480
2206,131100,스카이이앤엠,479
2207,204840,지엘팜텍,477
2208,043710,서울리거,477
2209,173130,오파스넷,477
2210,025880,케이씨피드,476
2211,024850,피에스엠씨,474
2212,096610,알에프세미,474
2213,317830,에스피시스템스,472
2214,035290,골드앤에스,472
2215,019540,일지테크,470
2216,079000,와토스코리아,470
2217,106520,디지탈옵틱,469
2218,005820,원림,465
2219,155900,바다로19호,465
2220,009140,경인전자,464
2221,051390,YW,464
2222,030790,비케이탑스,463
2223,227100,에이치앤비디자인,463
2224,054940,엑사이엔씨,462
2225,192390,윈하이텍,460
2226,115480,씨유메디칼,458
2227,234920,자이글,458
2228,086060,진바이오텍,458
2229,219750,지티지웰니스,457
2230,093380,풍강,456
2231,080530,코디,455
2232,091970,나노캠텍,452
2233,050320,아래스,452
2234,030720,동원수산,450
2235,011300,성안,447
2236,089530,에이티세미콘,444
2237,043200,파루,443
2238,000760,이화산업,443
2239,223310,경남제약헬스케어,442
2240,056090,유앤아이,441
2241,018500,동원금속,441
2242,067770,세진티에스,439
2243,187270,신화콘텍,439
2244,317850,대모,439
2245,033250,체시스,438
2246,123330,제닉,436
2247,065420,에스아이리소스,435
2248,020180,대신정보통신,434
2249,073540,에프알텍,434
2250,101390,아이엠,432
2251,160600,이큐셀,427
2252,011230,삼화전자,427
2253,079170,한창산업,426
2254,003495,대한항공우,425
2255,153360,하이골드3호,423
2256,060260,뉴보텍,422
2257,175140,인포마크,419
2258,060480,국일신동,418
2259,154040,솔루에타,418
2260,009835,한화솔루션우,418
2261,101400,엔시트론,411
2262,900120,씨케이에이치,411
2263,066790,씨씨에스,410
2264,001420,태원물산,410
2265,052770,아이톡시,409
2266,035460,기산텔레콤,408
2267,065690,파커스,406
2268,130740,티피씨글로벌,405
2269,140910,에이리츠,404
2270,090740,연이비앤티,402
2271,070590,한솔인티큐브,401
2272,039740,한국정보공학,400
2273,004920,씨아이테크,399
2274,010420,한솔PNS,394
2275,134060,이퓨쳐,390
2276,044780,에이치케이,388
2277,121850,코이즈,386
2278,003680,한성기업,381
2279,083470,이엠앤아이,380
2280,032280,삼일,379
2281,002680,한탑,377
2282,048830,엔피케이,377
2283,099520,ITX-AI,376
2284,088790,진도,376
2285,275630,에스에스알,375
2286,033050,제이엠아이,373
2287,001465,BYC우,372
2288,003925,남양유업우,369
2289,900270,헝셩그룹,367
2290,099410,동방선기,366
2291,066430,와이오엠,364
2292,069330,유아이디,361
2293,062970,피피아이,357
2294,227610,아우딘퓨쳐스,357
2295,071950,코아스,353
2296,172580,하이골드12호,353
2297,005030,부산주공,350
2298,001770,SHD,346
2299,019490,하이트론,344
2300,012600,센트럴인사이트,338
2301,096870,엘디티,334
2302,073190,듀오백,333
2303,204210,모두투어리츠,330
2304,054410,케이피티유,328
2305,008500,일정실업,325
2306,110020,전진바이오팜,323
2307,214310,에스엘바이오닉스,320
2308,219550,디와이디대양,319
2309,020400,대동금속,318
2310,323230,엠에프엠코리아,307
2311,182690,테라셈,304
2312,35320K,대덕전자1우,303
2313,191410,육일씨엔에쓰,303
2314,098660,에스티오,301
2315,108675,LX하우시스우,299
2316,101670,코리아에스이,291
2317,113810,디젠스,290
2318,017250,인터엠,287
2319,026910,광진실업,285
2320,114120,크루셜텍,284
2321,044180,KD,283
2322,043360,디지아이,279
2323,004835,덕성우,277
2324,36328K,티와이홀딩스우,277
2325,010145,삼성중공우,276
2326,900110,이스트아시아홀딩스,272
2327,052190,세영디앤씨,269
2328,091440,텔레필드,268
2329,070300,엑스큐어,265
2330,004365,세방우,264
2331,009730,코센,263
2332,208860,엔지스테크널러지,252
2333,002420,세기상사,251
2334,369370,대신밸런스제9호스팩,251
2335,127160,매직마이크로,244
2336,078650,지나인제약,235
2337,001685,대상우,232
2338,351320,IBKS제14호스팩,231
2339,000087,하이트진로2우B,224
2340,064510,에코마이스터,223
2341,053060,세동,223
2342,007815,코리아써우,222
2343,064090,에프앤리퍼블릭,221
2344,096300,베트남개발1,221
2345,058450,일야,217
2346,002025,코오롱우,216
2347,001795,대한제당우,212
2348,053660,현진소재,212
2349,38380K,LX홀딩스1우,211
2350,161570,THE MIDONG,211
2351,058530,슈펙스비앤피,211
2352,000075,삼양홀딩스우,210
2353,045890,GV,208
2354,000225,유유제약1우,207
2355,002355,넥센타이어1우B,206
2356,221610,자안바이오,199
2357,053110,소리바다,195
2358,363260,하나금융17호스팩,191
2359,115610,이미지스,191
2360,141020,포티스,188
2361,377630,삼성스팩4호,188
2362,18064K,한진칼우,186
2363,103230,에스앤더블류,180
2364,380320,삼성머스트스팩5호,177
2365,359090,엔에이치스팩17호,173
2366,000885,한화우,173
2367,004255,NPC우,172
2368,038340,UCI,166
2369,323940,케이비제18호스팩,159
2370,391710,엔에이치스팩21호,157
2371,001515,SK증권우,156
2372,009415,태영건설우,154
2373,393360,신한제8호스팩,153
2374,145995,삼양사우,152
2375,336570,대신밸런스제8호스팩,150
2376,336060,유안타제5호스팩,150
2377,368770,한국9호스팩,148
2378,050540,한국코퍼레이션,144
2379,033790,스카이문스테크놀로지,141
2380,340440,한화플러스제1호스팩,139
2381,367480,유안타제8호스팩,137
2382,342550,케이비제20호스팩,136
2383,328380,미래에셋대우스팩3호,133
2384,388220,하나금융19호스팩,132
2385,00806K,대덕1우,131
2386,367340,DB금융스팩8호,128
2387,005725,넥센우,126
2388,332290,대신밸런스제7호스팩,124
2389,101680,한국정밀기계,121
2390,387310,대신밸런스제10호스팩,120
2391,007575,일양약품우,119
2392,340350,SK6호스팩,119
2393,000995,DB하이텍1우,119
2394,367460,유안타제7호스팩,119
2395,365590,엔에이치스팩18호,117
2396,340120,하이제5호스팩,115
2397,377400,하이제6호스팩,113
2398,355150,교보10호스팩,113
2399,004985,성신양회우,112
2400,351340,IBKS제13호스팩,110
2401,310870,한국제8호스팩,109
2402,386580,한화플러스제2호스팩,109
2403,353060,에이치엠씨제5호스팩,107
2404,388800,유진스팩7호,107
2405,058220,아리온,107
2406,353490,미래에셋대우스팩 5호,106
2407,333050,신한제6호스팩,103
2408,26490K,크라운제과우,103
2409,001755,한양증권우,102
2410,367360,DB금융스팩9호,102
2411,341160,하나금융15호스팩,100
2412,084695,대상홀딩스우,97
2413,003075,코오롱글로벌우,97
2414,001745,SK네트웍스우,96
2415,090355,노루페인트우,94
2416,366330,신한제7호스팩,94
2417,313750,유안타제4호스팩,94
2418,332710,하나금융14호스팩,93
2419,012205,계양전기우,93
2420,002995,금호건설우,92
2421,372290,하나머스트7호스팩,92
2422,344050,신영스팩6호,91
2423,004415,서울식품우,90
2424,373200,IBKS제15호스팩,90
2425,353070,에이치엠씨제4호스팩,90
2426,337450,SK5호스팩,90
2427,330990,케이비제19호스팩,89
2428,317320,한화에스비아이스팩,88
2429,014825,동원시스템즈우,87
2430,343510,하나금융16호스팩,87
2431,004105,태양금속우,86
2432,331520,교보9호스팩,83
2433,004565,현대비앤지스틸우,82
2434,004545,깨끗한나라우,80
2435,011155,CJ씨푸드1우,79
2436,329560,상상인이안제2호스팩,78
2437,006345,대원전선우,78
2438,058420,제이웨이,77
2439,349720,이베스트스팩5호,76
2440,005745,크라운해태홀딩스우,76
2441,000145,하이트진로홀딩스우,75
2442,005965,동부건설우,74
2443,388790,IBKS제16호스팩,74
2444,00781K,코리아써키트2우B,74
2445,000325,노루홀딩스우,73
2446,014285,금강공업우,72
2447,08537M,루트로닉3우C,72
2448,323280,신영스팩5호,72
2449,121890,에스디시스템,71
2450,114570,지스마트글로벌,70
2451,373340,유진스팩6호,69
2452,008355,남선알미우,68
2453,335870,IBKS제12호스팩,67
2454,323210,이베스트이안스팩1호,65
2455,347140,케이프이에스제4호,63
2456,021045,대호특수강우,62
2457,000545,흥국화재우,62
2458,001065,JW중외제약우,59
2459,000227,유유제약2우B,58
2460,001067,JW중외제약2우B,55
2461,014915,성문전자우,52
2462,016385,KG동부제철우,52
2463,002785,진흥기업우B,52
2464,001525,동양우,46
2465,002787,진흥기업2우B,45
2466,001527,동양2우B,43
2467,000547,흥국화재2우B,40
2468,032685,소프트센우,40
2469,009275,신원우,36
2470,001529,동양3우B,28
